ACC PINTU;HANDLE;ALINEA;6020 BN/GP;PS
ACC PINTU;HANDLE;ALINEA;7020 BN/GP;PS
ACC PINTU;HANDLE;ALINEA;7080 SN/GP;PS
ACC PINTU;HANDLE;ALINEA;6020 SN/GP;PS
ACC PINTU;HANDLE;ARCHIE;F 937-20 SN/NP;PS
ACC PINTU;HANDLE;BEST;68102 BN/GP.GP;PS
ACC PINTU;HANDLE;CAESAR;07/026 NP/GP;PS
ACC PINTU;HANDLE;CAVELL;FA 20-567 PP+BODY CAVELL;SET
ACC PINTU;HANDLE;DEKKSON;LHP 965 36 CF;PS
ACC PINTU;HANDLE;DEKKSON;LHP 11692 CF;PS
ACC PINTU;HANDLE;DEKKSON;LHP 95580 CF;PS
ACC PINTU;HANDLE;FORME;LID (031) SN;PS
ACC PINTU;HANDLE;GERBER;BMT 9178 396;PS
ACC PINTU;HANDLE;MANDARIN;685 H85 BN/GP;PS
ACC PINTU;HANDLE;MULLER;80128 PRG;PS
ACC PINTU;HANDLE;NIOBE;169.69 SN/GP;PS
ACC PINTU;HANDLE;NIOBE;169.69 GP/BN;PS
ACC PINTU;HANDLE;NIOBE;6020 BN/GP;PS
ACC PINTU;HANDLE;NIOBE;9720 BN/GP;PS
ACC PINTU;HANDLE;NIOBE;9780 SN/GP;PS
ACC PINTU;HANDLE;SES;A5 522-203 MAB;PS
ACC PINTU;HANDLE;SES;A5 522-231 SN/NP;PS
ACC PINTU;HANDLE;SES;535-806 BSN/BNP;PS
ACC PINTU;HANDLE;SES;535-835 BSN/BNP;PS
ACC PINTU;HANDLE;SES;535-841 BSN/BNP;PS
ACC PINTU;HANDLE;SES;535-847 BSN/BNP;PS
ACC PINTU;HANDLE;SES;535-849 BSN/BNP;PS
ACC PINTU;HANDLE;SES;ML 101 AL SN;PS
ACC PINTU;HANDLE;SES;CLP 01 NAB;PS
ACC PINTU;HANDLE;SES;CLP 02 NAB;PS
ACC PINTU;HANDLE;SES;535-881 BSN/BNP;PS
ACC PINTU;HANDLE;SES;535-867 BSN/BNP;PS
ACC PINTU;HANDLE;SES;535-868 BSN/BNP;PS
ACC PINTU;HANDLE;SES;535-503 SSP;PS
ACC PINTU;HANDLE;SES;CLP 21 NAB;PS
ACC PINTU;HANDLE;SES;CLP 20 NAB;PS
ACC PINTU;HANDLE;SES;CLP 22 NAB;PS
ACC PINTU;HANDLE;SES;535-504 SSP;PS
ACC PINTU;HANDLE;TOOTI;68012 PRG;PS
ACC PINTU;HANDLE;VANELLI;AMARIS ZA/AB;PS
ACC PINTU;HANDLE;VANESSA;6028 BN/GP;PS
ACC PINTU;HANDLE;ALBION;SUS 210P SN CH;PS
ACC PINTU;HANDLE;ALBION;SUS 214P SN;PS
ACC PINTU;HANDLE;ALBION;SUS 215P SN;PS
ACC PINTU;HANDLE;ALBION;H017 P11 SC;PS
ACC PINTU;HANDLE;ALBION;H017 P11 ABR;PS
ACC PINTU;HANDLE;EXCEL;SET BISON SN CP;SET
ACC PINTU;HANDLE;OMGE;LHM 5056A WHT;PS
ACC PINTU;HANDLE;OMGE;LHM 5056A SLV;PS
ACC PINTU;HANDLE;BRUNO;911.03 SN/CP COMP;PS
ACC PINTU;HANDLE;OK;SET ALM LHP 9022 WHITE;PS
ACC PINTU;HANDLE;KENZO;301.69 WHITE;PS
ACC PINTU;HANDLE;SLG;SET 606.08 SS;SET
ACC PINTU;HANDLE;SLG;SET 606.06 SS;SET
ACC PINTU;HANDLE;SLG;SET 303.05 SS;SET
ACC PINTU;HANDLE;HUGO;SET HG 01 B-L-CP;SET
ACC PINTU;HANDLE;HUGO;SET HG 01 L-CP;SET
ACC PINTU;HANDLE;HUGO;SET HG 02 L-CP;SET
ACC PINTU;HANDLE;AGNELLI;SET T3 PLAT 01;SET
ACC PINTU;HANDLE;AGNELLI;SET T3 PLAT 03;SET
ACC PINTU;HANDLE;STARCK;88-2009 PS/SS 304;PS
ACC PINTU;HANDLE;STARCK;88-2025 SS/PS 304;PS
ACC PINTU;HANDLE;BELLOCA;FE 412 MAB;PS
ACC PINTU;HANDLE;BELLOCA;FE 402 MAB;PS
ACC PINTU;HANDLE;BLUMONT;SET LARGE BL004 BLACK;SET
ACC PINTU;HANDLE;BLUMONT;SET SMALL BS 007 SN/NP;SET
ACC PINTU;HANDLE;BLUMONT;SET BL 008 BLACK;SET
ACC PINTU;HANDLE;BLUMONT;SET BL 009 BLACK;SET
ACC PINTU;HANDLE ROSE;CAVELL;FA 712-589 PP;PS
ACC PINTU;HANDLE ROSE;CAVELL;FA 712-593 PP+BODY CAVELL;SET
ACC PINTU;HANDLE ROSE;CAVELL;FA 713-592 PP+BODY CAVELL;SET
ACC PINTU;HANDLE ROSE;CAVELL;FA 712-591 PP+BODY CAVELL;SET
ACC PINTU;HANDLE ROSE;DEKKSON;LHR DKS 109-100-889 SN+NP;PS
ACC PINTU;HANDLE ROSE;DEKKSON;LHTR 0017 SSS;PS
ACC PINTU;HANDLE ROSE;DEKKSON;LHR 10681 MAB;PS
ACC PINTU;HANDLE ROSE;DEKKSON;LHR 10632 MAB;PS
ACC PINTU;HANDLE ROSE;DEKKSON;LHR 8288 MAB;PS
ACC PINTU;HANDLE ROSE;DEKKSON;LHR 9818 MAB;PS
ACC PINTU;HANDLE ROSE;DEKKSON;LHR 7580 CF;PS
ACC PINTU;HANDLE ROSE;DEKKSON;LHR 8536 CF;PS
ACC PINTU;HANDLE ROSE;DEKKSON;LHR 10693 CF;PS
ACC PINTU;HANDLE ROSE;DEKKSON;LHR 81033 MAB;PS
ACC PINTU;HANDLE ROSE;DEKKSON;LHR 8267 MAB;PS
ACC PINTU;HANDLE ROSE;FORME;LIV (032) SN;PS
ACC PINTU;HANDLE ROSE;MULLER;3040 YN/GP;PS
ACC PINTU;HANDLE ROSE;MULLER;30176 SN/GP;PS
ACC PINTU;HANDLE ROSE;MULLER;30184 YN/GP;PS
ACC PINTU;HANDLE ROSE;SES;LH 084 SS KOTAK;PS
ACC PINTU;HANDLE ROSE;SES;LH 152 SN;PS
ACC PINTU;HANDLE ROSE;SES;AS 805.561 BSN;PS
ACC PINTU;HANDLE ROSE;SES;LH 192 SS;PS
ACC PINTU;HANDLE ROSE;SES;808 SN/BSN;PS
ACC PINTU;HANDLE ROSE;SES;814 BSN/BNP;PS
ACC PINTU;HANDLE ROSE;SES;815 BSN/BNP;PS
ACC PINTU;HANDLE ROSE;SES;820 BSN/BNP;PS
ACC PINTU;HANDLE ROSE;SES;822 BSN/BNP;PS
ACC PINTU;HANDLE ROSE;SES;832 BSN/BNP;PS
ACC PINTU;HANDLE ROSE;SES;833 BSN/BNP;PS
ACC PINTU;HANDLE ROSE;SES;834 BSN/BNP;PS
ACC PINTU;HANDLE ROSE;SES;839 BSN/BNP;PS
ACC PINTU;HANDLE ROSE;SES;841 BSN/BNP;PS
ACC PINTU;HANDLE ROSE;SES;847 BSN;PS
ACC PINTU;HANDLE ROSE;SES;857 BSN/BNP;PS
ACC PINTU;HANDLE ROSE;SES;870 BSN/BNP;PS
ACC PINTU;HANDLE ROSE;SES;871 SN/NP;PS
ACC PINTU;HANDLE ROSE;SES;2511 SN;PS
ACC PINTU;HANDLE ROSE;SES;2512 SS/SP;PS
ACC PINTU;HANDLE ROSE;SES;2513 SN;PS
ACC PINTU;HANDLE ROSE;SES;2514 SS/SP;PS
ACC PINTU;HANDLE ROSE;SES;2515 SS/SP;PS
ACC PINTU;HANDLE ROSE;SES;AS 502M 186 SN/NP;PS
ACC PINTU;HANDLE ROSE;SES;501 BSN;PS
ACC PINTU;HANDLE ROSE;SES;C 02 SS/PS;PS
ACC PINTU;HANDLE ROSE;SES;C 05 SS/PS;PS
ACC PINTU;HANDLE ROSE;SES;C03 SS/PS;PS
ACC PINTU;HANDLE ROSE;SES;901 BSN/BNP;PS
ACC PINTU;HANDLE ROSE;SES;903 BSN/BNP;PS
ACC PINTU;HANDLE ROSE;ALBION;Y 81105 AB;PS
ACC PINTU;HANDLE ROSE;ALBION;H017 RS001 SC;PS
ACC PINTU;HANDLE ROSE;OMGE;LHM 0582 US32D;PS
ACC PINTU;HANDLE ROSE;OMGE;LHM 0887 A US32D SN;PS
ACC PINTU;HANDLE ROSE;OMGE;LHM 0764 US32D SN;PS
ACC PINTU;HANDLE ROSE;OMGE;LHM 0889 A US32D SN;PS
ACC PINTU;HANDLE ROSE;OMGE;LHSU 01002 US32D SN;PS
ACC PINTU;HANDLE ROSE;OMGE;LHSU 01017 US32D  / LHM 0262 US32D;PS
ACC PINTU;HANDLE ROSE;OMGE;LHM 0560 US32D;PS
ACC PINTU;HANDLE ROSE;OMGE;LHM 0580 US32D;PS
ACC PINTU;HANDLE ROSE;OMGE;LHM 0584 US32D;PS
ACC PINTU;HANDLE ROSE;OMGE;LHM 0891 US32D;PS
ACC PINTU;HANDLE ROSE;OMGE;LHM 5157A WHT;PS
ACC PINTU;HANDLE ROSE;OMGE;LHM 5157A SLV;PS
ACC PINTU;HANDLE ROSE;OMGE;LHM 5258A-BLK;PS
ACC PINTU;HANDLE ROSE;STARCK;CMH 061 SN;PS
ACC PINTU;HANDLE ROSE;STARCK;STA S01 2009 PS/SS;PS
ACC PINTU;HANDLE ROSE;STARCK;STA S01 2018 PS/SS;PS
ACC PINTU;HANDLE ROSE;STARCK;STA S01 2023 PS/SS;PS
ACC PINTU;HANDLE ROSE;STARCK;091-A4 BLACK;PS
ACC PINTU;HANDLE ROSE;STARCK;D108 A2 BLACK;PS
ACC PINTU;HANDLE ROSE;STARCK;811-812 BLACK ;PS
ACC PINTU;HANDLE ROSE;STARCK;118 SUS 304 SS;PS
ACC PINTU;HANDLE ROSE;STARCK;118 -304 BLACK;PS
ACC PINTU;HANDLE ROSE;BELLOCA;SS 103 ALD;PS
ACC PINTU;HANDLE ROSE;BELLOCA;SS 105;PS
ACC PINTU;HANDLE ROSE;AVICCI;ASCOLLI ROSE SN/CP;PS
ACC PINTU;HANDLE ROSE;BAUER;B 797 NB;PS
ACC PINTU;HANDLE ROSE;BOLZANO;ET 901 E01 DAB;PS
ACC PINTU;HANDLE ROSE;EGO;4003 SS;PS
ACC PINTU;HANDLE ROSE;EGO;L141-A13;PS
ACC PINTU;HANDLE ROSE;F&F;F02 BSN/BNP;PS
ACC PINTU;HANDLE ROSE;F&F;F04 BSN;PS
ACC PINTU;HANDLE ROSE;F&F;F05 BSN/BNP;PS
ACC PINTU;HANDLE ROSE;F&F;RA 06 BSN/BNP;PS
ACC PINTU;HANDLE ROSE;ISEO;LHSR NEMO 113103320161 PB;PS
ACC PINTU;HANDLE ROSE;LINEACALLI;AS 507C.66 SS;PS
ACC PINTU;HANDLE ROSE;LINEACALLI;AS 508B.18 SB/PB;PS
ACC PINTU;HANDLE ROSE;MAVERIK;GA 8012 SS;PS
ACC PINTU;HANDLE ROSE;MAVERIK;MW/AMG 56319 SN/CP;PS
ACC PINTU;HANDLE ROSE;PRO;2100 HP J60 AB;PS
ACC PINTU;HANDLE ROSE;SOLIGEN;4003 S10 BLACK;PS
ACC PINTU;HANDLE ROSE;SOLIGEN;B003-08 BLACK;PS
ACC PINTU;HANDLE ROSE;SOLIGEN;B003-14 BLACK;PS
ACC PINTU;HANDLE ROSE;DUMONT;HRE PISA AB;PS
ACC PINTU;HANDLE ROSE;MILANO;SS 9162 SN;PS
ACC PINTU;HANDLE ROSE;MILANO;SS 9161 SN;PS
ACC PINTU;HANDLE ROSE;STRONG;6016 SS;PS
ACC PINTU;HANDLE ROSE;STRONG;6003 SS;PS
ACC PINTU;HANDLE ROSE;ORCHAD;ALUMINIUM AI SS;PS
ACC PINTU;HANDLE ROSE;ORCHAD;ALUMINIUM WHITE;PS
ACC PINTU;PULL HANDLE;DEKKSON;DELUXE SQ PHDL 802 (30X15X600) SSS;PS
ACC PINTU;PULL HANDLE;DEKKSON;PHAP 25801 A SN;PS
ACC PINTU;PULL HANDLE;DEKKSON;DELUXE 802 32X457X350 PSS/SSS;PS
ACC PINTU;PULL HANDLE;DEKKSON;VNT PH2 V5511 FFX295X240 MAB;PS
ACC PINTU;PULL HANDLE;DEKKSON;PHZ V5569 25X390X250 MAB;PS
ACC PINTU;PULL HANDLE;DEKKSON;VNT DKA V81571 150X150X34.2 MAB;PS
ACC PINTU;PULL HANDLE;DEKKSON;VNT DKA V81590 150X150X29 MAB;PS
ACC PINTU;PULL HANDLE;DEKKSON;PHZ V5579L 32X820X600 MAB;PS
ACC PINTU;PULL HANDLE;DEKKSON;PHZ V55193 35X800X675 MAB;PS
ACC PINTU;PULL HANDLE;DEKKSON;PHZ V55177 32X595X410 MAB;PS
ACC PINTU;PULL HANDLE;DEKKSON;PHZ V55180 FFX445X400 MAB;PS
ACC PINTU;PULL HANDLE;DEKKSON;PHA D389 FFX378X346 MATT BLACK;PS
ACC PINTU;PULL HANDLE;DEKKSON;PHZ VKH06 FFX466X314 MAB;PS
ACC PINTU;PULL HANDLE;GERBER;MJA 1025-45MM;PS
ACC PINTU;PULL HANDLE;SES;PHD 187 BSN/BNP;PS
ACC PINTU;PULL HANDLE;SES;PHD 188 BSN/BNP;PS
ACC PINTU;PULL HANDLE;SES;AA 215 SN;PS
ACC PINTU;PULL HANDLE;SES;232.500 SSS;PS
ACC PINTU;PULL HANDLE;SES;MP L 1201 F 25X350 SS;PS
ACC PINTU;PULL HANDLE;SES;812 BSN;PS
ACC PINTU;PULL HANDLE;SES;180-500 MM EAB;PS
ACC PINTU;PULL HANDLE;SES;235-350 SS;PS
ACC PINTU;PULL HANDLE;SES;202-350 SS;PS
ACC PINTU;PULL HANDLE;SES;CHIPH 061 30-15-350 1.2MM;PS
ACC PINTU;PULL HANDLE;OMGE;PULL+PUSH PLATE ;PS
ACC PINTU;PULL HANDLE;OMGE;PHM 2560 P-CC ;PS
ACC PINTU;PULL HANDLE;OMGE;PUSH PULL 2588 D19 SN;PS
ACC PINTU;PULL HANDLE;OMGE;GHM 6051 SN;PS
ACC PINTU;PULL HANDLE;OMGE;GHM 6051 AB;PS
ACC PINTU;PULL HANDLE;OMGE;PHM 2595 P CC 400 L600 US32DJ;PS
ACC PINTU;PULL HANDLE;STARCK;AD 212-450 SS;PS
ACC PINTU;PULL HANDLE;STARCK;MP 212-600 SP;PS
ACC PINTU;PULL HANDLE;STARCK;S 421 450MM SS;PS
ACC PINTU;PULL HANDLE;STARCK;S 421 600MM SS;PS
ACC PINTU;PULL HANDLE;STARCK;421-450 MM PS/SS;PS
ACC PINTU;PULL HANDLE;STARCK;421-600 MM PS/SS;PS
ACC PINTU;PULL HANDLE;STARCK;277-450 MM OV PSS;PS
ACC PINTU;PULL HANDLE;STARCK;277-600 MM OV PSS;PS
ACC PINTU;PULL HANDLE;STARCK;104-600 MM 38M PSS;PS
ACC PINTU;PULL HANDLE;STARCK;104-450 MM PSS;PS
ACC PINTU;PULL HANDLE;STARCK;277-450 MM BLACK;PS
ACC PINTU;PULL HANDLE;STARCK;1611-450MM PS/SS;PS
ACC PINTU;PULL HANDLE;STARCK;1011-450MM PS/SS;PS
ACC PINTU;PULL HANDLE;STARCK;156-450MM PS/SS;PS
ACC PINTU;PULL HANDLE;STARCK;212B-450MM PS/SS;PS
ACC PINTU;PULL HANDLE;STARCK;156-600MM PS/SS;PS
ACC PINTU;PULL HANDLE;STARCK;212B-600MM PS/SS;PS
ACC PINTU;PULL HANDLE;MAVERIK;FM 76-1500MM SN;PS
ACC PINTU;PULL HANDLE;DUMONT;P06.01 AB 40X350MM;PS
ACC PINTU;PULL HANDLE;DUMONT;P06.33 AB 420MM;PS
ACC PINTU;PULL HANDLE;DUMONT;P06.35 AB 420MM;PS
ACC PINTU;PULL HANDLE;DUMONT;P06.37 AB 420MM;PS
ACC PINTU;PULL HANDLE;DUMONT;P06.40 AB 420MM;PS
ACC PINTU;PULL HANDLE;DUMONT;P06.01 AB 40X600 MM;PS
ACC PINTU;PULL HANDLE;DUMONT;P06.30 AB 460 MM;PS
ACC PINTU;PULL HANDLE;DUMONT;P06.18 AB 1000 MM;PS
ACC PINTU;PULL HANDLE;DUMONT;P07.55 SSS + PSS 350 MM;PS
ACC PINTU;PULL HANDLE;DUMONT;P07.60 SSS + PSS 350 MM;PS
ACC PINTU;PULL HANDLE;DUMONT;P07.57 SSS + PSS 350 MM;PS
ACC PINTU;PULL HANDLE;DUMONT;P07.59 SSS + PSSS 350 MM;PS
ACC PINTU;PULL HANDLE;DUMONT;P06.09 AB 345 MM;PS
ACC PINTU;PULL HANDLE;DUMONT;P06.17 AB 300 MM;PS
ACC PINTU;PULL HANDLE;DUMONT;P06.36 AB 420 MM;PS
ACC PINTU;PULL HANDLE;DUMONT;P06.19 AB 1200 MM;PS
ACC PINTU;PULL HANDLE;DUMONT;PR 08.26 AB 60 CM;PS
ACC PINTU;PULL HANDLE;DUMONT;PR 08.26 AB 100 CM;PS
ACC PINTU;PULL HANDLE;DUMONT;P07.58 SSS+PSS 350MM;PS
ACC PINTU;PULL HANDLE;DUMONT;P07.61 SSS+PSS 350MM;PS
ACC PINTU;PULL HANDLE;DUMONT;P07.63 SSS+PSS 350MM;PS
ACC PINTU;PULL HANDLE;DUMONT;P02.01 PSS+SSS 350MM;PS
ACC PINTU;PULL HANDLE;DUMONT;PR 08.27 AB 60 CM;PS
ACC PINTU;PULL HANDLE;DUMONT;P 07.27 SSS+PSS 600MM;PS
ACC PINTU;PULL HANDLE;DUMONT;P 07.09 SSS+PSS 450MM;PS
ACC PINTU;PULL HANDLE;DUMONT;P 15.27 SS+WOOD 60CM;PS
ACC PINTU;PULL HANDLE;DUMONT;P 15.27 SS+WOOD 45CM;PS
ACC PINTU;PULL HANDLE;ALMA;PGWH XMA 7024 B SS;PS
ACC PINTU;PULL HANDLE;ALMA;PGWH/LG A 7024 B SS;PS
ACC PINTU;PULL HANDLE;ALMA;PGWH XMA 7024 DSS;PS
ACC PINTU;PULL HANDLE;ALMA;PGWH XMA 7033 BSS;PS
ACC PINTU;PULL HANDLE;ALMA;PGWH/LG A 7033 BSS;PS
ACC PINTU;PULL HANDLE;ALMA;PGWH XMA 7033 DSS;PS
ACC PINTU;PULL HANDLE;ALMA;PGWH/LG A 7033 DSS;PS
ACC PINTU;PULL HANDLE;ALMA;PGWH/L100 A 7088 DSS ;PS
ACC PINTU;PULL HANDLE;BERTOLLI;SS 235-450 SS;PS
ACC PINTU;PULL HANDLE;KEMPINSKY;KPK A 02.350MM SSS;PS
ACC PINTU;PULL HANDLE;KEMPINSKY;P 025-30 CM;PS
ACC PINTU;PULL HANDLE;OK;550 KY 350;PS
ACC PINTU;PULL HANDLE;OK;550 KY 800;PS
ACC PINTU;PULL HANDLE;OK;550 KY 1000;PS
ACC PINTU;PULL HANDLE;OK;722 60CM BT SN;PS
ACC PINTU;PULL HANDLE;OK;804 60CM SN;PS
ACC PINTU;PULL HANDLE;OK;807 80CM SN;PS
ACC PINTU;PULL HANDLE;OK;807 100CM SN;PS
ACC PINTU;PULL HANDLE;OK;PUSH PULL SN;PS
ACC PINTU;PULL HANDLE;OK;HD 702 P60CM SN;PS
ACC PINTU;PULL HANDLE;OK;HD 703 P45CM SN;PS
ACC PINTU;PULL HANDLE;OK;HD 708 P120CM SS;PS
ACC PINTU;PULL HANDLE;OK;HD GT 8700 P45CM SS;PS
ACC PINTU;PULL HANDLE;OK;HD GT 8700 P60CM SS;PS
ACC PINTU;PULL HANDLE;OK;KAYU 669 45CM OVAL;PS
ACC PINTU;PULL HANDLE;OK;KAYU 669 80CM OVAL;PS
ACC PINTU;PULL HANDLE;OK;711-35CM SS/KY;PS
ACC PINTU;PULL HANDLE;OK;808-45CM SERAT KAYU;PS
ACC PINTU;PULL HANDLE;OK;808-60CM SERAT KAYU;PS
ACC PINTU;PULL HANDLE;OK;MADEWA AB;PS
ACC PINTU;PULL HANDLE;OK;27 S BLACK 45 CM;PS
ACC PINTU;PULL HANDLE;OK;27 S BLACK 60 CM;PS
ACC PINTU;PULL HANDLE;OK;27 S BLACK 100 CM;PS
ACC PINTU;PULL HANDLE;OK;27 S WHITE 35 CM;PS
ACC PINTU;PULL HANDLE;OK;27 S WHITE 45 CM;PS
ACC PINTU;PULL HANDLE;OK;27 S WHITE 60 CM;PS
ACC PINTU;PULL HANDLE;OK;27 S WHITE 80 CM;PS
ACC PINTU;PULL HANDLE;OK;27 S WHITE 100 CM;PS
ACC PINTU;PULL HANDLE;OK;DSQ 802;PS
ACC PINTU;PULL HANDLE;OK;HD 799 SP SS/CP P.350;PS
ACC PINTU;PULL HANDLE;OK;HD 799 SP SS/CP 450;PS
ACC PINTU;PULL HANDLE;OK;HD 799 SP SS/CP 600;PS
ACC PINTU;PULL HANDLE;OK;HD 708 NS SS/CP 600;PS
ACC PINTU;PULL HANDLE;OK;HD 708 NS SS/CP 450;PS
ACC PINTU;PULL HANDLE;OK;HD 707 COMBO BLACK / AB 350;PS
ACC PINTU;PULL HANDLE;OK;HD 707 COMBO BLACK / AB 450;PS
ACC PINTU;PULL HANDLE;OK;HD 707 COMBO BLACK / AB 600;PS
ACC PINTU;PULL HANDLE;OK;HD SAPHIRA 799 SP SS / KY 350;PS
ACC PINTU;PULL HANDLE;OK;HD SAPHIRA 799 SP SS / KY 450;PS
ACC PINTU;PULL HANDLE;OK;HD SAPHIRA 799 SP SS / KY 600;PS
ACC PINTU;PULL HANDLE;OK;HD 707 COMBO BLACK / AB 800;PS
ACC PINTU;PULL HANDLE;OK;HD 707 COMBO BLACK / AB 1000;PS
ACC PINTU;PULL HANDLE;OK;PR 08.12 AB M 42 CM;PS
ACC PINTU;PULL HANDLE;OK;4X2-50X35 SS;PS
ACC PINTU;PULL HANDLE;OK;32-50X35 SS;PS
ACC PINTU;PULL HANDLE;OK;HD MAHKOTA P800MM;PS
ACC PINTU;PULL HANDLE;OK;HD MAHKOTA P600MM;PS
ACC PINTU;PULL HANDLE;OK;HD 805 SS BLACK 1000MM;PS
ACC PINTU;PULL HANDLE;OK;HD 805 SS BLACK 800MM;PS
ACC PINTU;PULL HANDLE;OK;HD 805 SS BLACK 600MM;PS
ACC PINTU;PULL HANDLE;OK;HD 805 SS BLACK 450MM;PS
ACC PINTU;PULL HANDLE;OK;HD 669 OVAL 60CM KY;PS
ACC PINTU;PULL HANDLE;OK;KACA 45CM SN;PS
ACC PINTU;PULL HANDLE;OK;376-35CM SULING OVAL;PS
ACC PINTU;PULL HANDLE;OK;384-45;PS
ACC PINTU;PULL HANDLE;RDS;GIOVANI 80CM AB;PS
ACC PINTU;PULL HANDLE;RDS;THALIA 80CM AB;PS
ACC PINTU;PULL HANDLE;RDS;THEODORE 80CM AB;PS
ACC PINTU;PULL HANDLE;VALENCIA;TB 550 AB XXL;PS
ACC PINTU;PULL HANDLE;VANESA;7801-46 SN;PS
ACC PINTU;PULL HANDLE;CASANELLI;2356-256 SN;PS
ACC PINTU;PULL HANDLE;CASANELLI;2239-500 SN;PS
ACC PINTU;PULL HANDLE;CLAVIS;3212-600;PS
ACC PINTU;PULL HANDLE;WILSON;TP 3011P-33 CD;PS
ACC PINTU;PULL HANDLE;WILSON;TP 3012P-33 CD;PS
ACC PINTU;PULL HANDLE;WILSON;TP 3060F - 60CD;PS
ACC PINTU;PULL HANDLE;SILCA;SIL 004 PSS 350MM;PS
ACC PINTU;PULL HANDLE;SILCA;SIL 005 PSS 350MM;PS
ACC PINTU;PULL HANDLE;NISHAN;015;PS
ACC PINTU;PULL HANDLE;NISHAN;016;PS
ACC PINTU;PULL HANDLE;GRUPPO;STA 001-35 SS/SP;PS
ACC PINTU;PULL HANDLE;GRUPPO;005-350MM PSS;PS
ACC PINTU;HANDLE TANAM;DEKKSON;HDL PP 012 AB;BH
ACC PINTU;HANDLE TANAM;DEKKSON;HDL PP 012 MATT BLACK;BH
ACC PINTU;HANDLE TANAM;MULLER;6001 M 56 GP;BH
ACC PINTU;HANDLE TANAM;ALBION;H 101 SN/BLK;BH
ACC PINTU;HANDLE TANAM;ALBION;H 103 SN/BLK;BH
ACC PINTU;HANDLE TANAM;OMGE;FLM 201 C - 65 SN;BH
ACC PINTU;HANDLE TANAM;OMGE;FLM 202 - 90 SN;BH
ACC PINTU;HANDLE TANAM;OMGE;FLM 204 C 50 SN;BH
ACC PINTU;HANDLE TANAM;OMGE;FLM 204 C 70 SN;BH
ACC PINTU;HANDLE TANAM;OMGE;FLM 208 C SN;BH
ACC PINTU;HANDLE TANAM;OMGE;FLUSH RING FLM 263 US32D;BH
ACC PINTU;HANDLE TANAM;OMGE;K784-K + K 784-H +  PCM S18.5X10P W/3 RSN;SET
ACC PINTU;HANDLE TANAM;OMGE;K725-K + K 725-H + PCM S18.5X10P W/3 RSN;SET
ACC PINTU;HANDLE TANAM;OK;300 KOTAK PIPIH SN;BH
ACC PINTU;HANDLE TANAM;OK;310 OVAL PIPIH SN;BH
ACC PINTU;HANDLE TANAM;OK;KOTAK OVAL SN;BH
ACC PINTU;HANDLE TANAM;OK;KOTAK OVAL BLACK;BH
ACC PINTU;HANDLE TANAM;OK;KOTAK OVAL BESAR AB;BH
ACC PINTU;HANDLE TANAM;OK;KOTAK TANGGUNG SS;BH
ACC PINTU;HANDLE TANAM;OK;OVAL TANGGUNG SS;BH
ACC PINTU;HANDLE TANAM;OK;KOTAK GARIS KECIL SN;BH
ACC PINTU;HANDLE TANAM;WINA;SLIDING;BH
ACC PINTU;BODY;ARCHIE;BIASA 60 - 111 BP;BH
ACC PINTU;BODY;ARCHIE;BIASA 40 GP;BH
ACC PINTU;BODY;CAVELL;BIASA 45MM SN;BH
ACC PINTU;BODY;DEKKSON;BIASA MTS IL DL 8485 40 SSS + CYL 60MM;SET
ACC PINTU;BODY;DEKKSON;BIASA MTS IL DL 8685 SSS + Cyl DC DL 60 MM SN;SET
ACC PINTU;BODY;DEKKSON;BIASA MTS IL DL 8485 MATTBLACK + CYL DC DL 60MM MATTBLACK;SET
ACC PINTU;BODY;DEKKSON;DORONG MTS SLD DL 84100 SSS + Cyl DC DL 60 MM SN;SET
ACC PINTU;BODY;DEKKSON;PELOR MTS RL DL 8485 SSS + CYL DC DL 60MM SN;SET
ACC PINTU;BODY;DEKKSON;PELOR MTS RL DL 8485 MATT BLACK + CYL DC DL 60MM MATT BLACK;SET
ACC PINTU;BODY;SES;BIASA 2030 - 50MM AB;BH
ACC PINTU;BODY;SES;BIASA 2030 - 40MM SN;BH
ACC PINTU;BODY;SES;PELOR 2036 - 40MM SS;BH
ACC PINTU;BODY;SES;PELOR 2036 - 40MM AB;BH
ACC PINTU;BODY;SES;PELOR 2036 - 60MM AB;BH
ACC PINTU;BODY;ALBION;BIASA 520 - 40MM GP;BH
ACC PINTU;BODY;OMGE;BIASA LCM 3885 - 40 SN;BH
ACC PINTU;BODY;OMGE;BIASA LCM 3885 - 50 SN;BH
ACC PINTU;BODY;OMGE;BIASA LCM 3885 - 60 SN;BH
ACC PINTU;BODY;OMGE;BIASA LCM 3885 - 30 SN;BH
ACC PINTU;BODY;OMGE;PELOR  LC 101 - 50 SN;BH
ACC PINTU;BODY;OMGE;PELOR  LCM 3821 - 30 SN;BH
ACC PINTU;BODY;OMGE;PELOR  LCM 3821 - 50 SN;BH
ACC PINTU;BODY;OMGE;PELOR LCM 3821 - 40 SN;BH
ACC PINTU;BODY;OMGE;DORONG LCM 3814 - 40 SN;BH
ACC PINTU;BODY;OMGE;DORONG LCM 3814 - 50 SN;BH
ACC PINTU;BODY;OMGE;DORONG LCM 3848- 50 SN;BH
ACC PINTU;BODY;OMGE;DORONG LCM 2847 B US32D;BH
ACC PINTU;BODY;OMGE;DORONG LCM 2847 A US33D;BH
ACC PINTU;BODY;OMGE;HANDLE DORONG OMGE SDM 902 SN;BH
ACC PINTU;BODY;OMGE;HANDLE DORONG OMGE SDM 801 SN;BH
ACC PINTU;BODY;OMGE;LCM 3823-55 SN;BH
ACC PINTU;BODY;OMGE;LCM 3824-55 SN + CYL PCM S 31 X 31 DBL W/3 RSN;BH
ACC PINTU;BODY;OMGE;LCM 3822-55 SN + CYL PCM S 31 X 31 DBL W/3 RSN;BH
ACC PINTU;BODY;OMGE;PEM LCM 72-65 SN;BH
ACC PINTU;BODY;BELLOCA;85X30 SN;BH
ACC PINTU;BODY;SOLIGEN;SS514;BH
ACC PINTU;BODY;ERGMAN;BIASA 40MM GP;BH
ACC PINTU;BODY;MOSQUINO;PELOR 40MM GP;BH
ACC PINTU;BODY;DEA;BIASA 520-40MM;BH
ACC PINTU;BODY;DEA;BIASA 520-30MM;BH
ACC PINTU;BODY;DEA;PELOR 521-40 M/M;BH
ACC PINTU;BODY;DEA;PELOR 521-30 SS;BH
ACC PINTU;BODY;NEMEF;PELOR D171-SS PZ S/S + CYL NEMEF C3131- 6KK SN;SET
ACC PINTU;BODY;SAPPHIRE;SS015 IRON COMP;BH
ACC PINTU;BODY;STARK;BIASA 40MM INOX 304;BH
ACC PINTU;BODY;STARK;PELOR STA 40MM SS SILV;BH
ACC PINTU;BODY;STARK;PELOR 45MM SS/BLACK;BH
ACC PINTU;BODY;ELBRUS;BIASA SN;BH
ACC PINTU;BODY;LENOX;BIASA SN;BH
ACC PINTU;BODY;RAVELLI;PELOR 7016 SN;BH
ACC PINTU;BODY;SSK;7016 SN;BH
ACC PINTU;RING KUNCI;DEKKSON;SS;PS
ACC PINTU;RING KUNCI;MULLER;BN/GP;PS
ACC PINTU;RING KUNCI;MULLER;SG/GP;PS
ACC PINTU;RING KUNCI;MULLER;GP/BN;PS
ACC PINTU;RING KUNCI;OMGE;ECM 08 US32D;PS
ACC PINTU;RING KUNCI;OMGE;ECM 05 US32D (004);PS
ACC PINTU;RING KUNCI;SOLIGEN;SS;PS
ACC PINTU;RING KUNCI;DUMONT;ESC S63 AB ;PS
ACC PINTU;RING KUNCI;DUMONT;ESC R64 AB;PS
ACC PINTU;RING KUNCI;DUMONT;ESC S79 SN/CP;PS
ACC PINTU;RING KUNCI;KEMPINSKY;OVAL SS;PS
ACC PINTU;RING KUNCI;OK;KOTAK SN;PS
ACC PINTU;RING KUNCI;OK;BULAT SN;PS
ACC PINTU;RING KUNCI;OK;KLASIK AB;PS
ACC PINTU;RING KUNCI;OK;BINTIK AB;PS
ACC PINTU;RING KUNCI;OK;BULAT SN/NP;PS
ACC PINTU;RING KUNCI;OK;BULAT BLACK ;PS
ACC PINTU;RING KUNCI;OK;KOTAK BLACK ;PS
ACC PINTU;RING KUNCI;OK;UKIR BUNGA AB;PS
ACC PINTU;RING KUNCI;OK;OVAL BESAR AB;PS
ACC PINTU;RING KUNCI;SILCA;KOTAK BLACK;PS
ACC PINTU;RING KUNCI;SILCA;BULAT BLACK;PS
ACC PINTU;RING KUNCI;MOSQUINO;OVAL GP;PS
ACC PINTU;RING KUNCI;DEA;OVAL SS;PS
ACC PINTU;RING KUNCI;RAVELLI;OVAL IRON;PS
ACC PINTU;RING KUNCI;SSK;SS;PS
ACC PINTU;RING KUNCI;FERARY;SN/GP;PS
ACC PINTU;RING KUNCI;SAPHIRE;OVAL IRON;PS
ACC PINTU;CYLINDER;ARCHIE;7CM GP;BH
ACC PINTU;CYLINDER;CAVELL;65MM A-B;BH
ACC PINTU;CYLINDER;DEKKSON;CYL DC KK DL 70MM BLACK;BH
ACC PINTU;CYLINDER;DEKKSON;CYL DC DL 66MM AB;BH
ACC PINTU;CYLINDER;DEKKSON;CYL TC DL 66MM AB;BH
ACC PINTU;CYLINDER;DEKKSON;CYL DC DL 60MM SN;BH
ACC PINTU;CYLINDER;DEKKSON;CYL DC DL 60MM MATT BLACK;BH
ACC PINTU;CYLINDER;DEKKSON;CYL TC DL 60MM MATT BLACK;BH
ACC PINTU;CYLINDER;DEKKSON;CYL TC KK DL 70MM BLACK;BH
ACC PINTU;CYLINDER;GERBER;LX 990;BH
ACC PINTU;CYLINDER;SES;BIASA SN;BH
ACC PINTU;CYLINDER;ALBION;SN;BH
ACC PINTU;CYLINDER;ALBION;GP;BH
ACC PINTU;CYLINDER;OMGE;PCM S 31X10 W/3 RSN;BH
ACC PINTU;CYLINDER;OMGE;PCM S 31X31 DBL W/3 RSN;BH
ACC PINTU;CYLINDER;OMGE;PCM D 60X60 DBL W/5 RSN;BH
ACC PINTU;CYLINDER;OMGE;PCM 35X35 K01 W/0 RSN;BH
ACC PINTU;CYLINDER;OMGE;PCM D(10) 35X35 K01 W/5 RSN;BH
ACC PINTU;CYLINDER;OMGE;PCM S 31X31 K01 W/3 RSN;BH
ACC PINTU;CYLINDER;OMGE;PCM 31X31 K01 W/0 RSN;BH
ACC PINTU;CYLINDER;OMGE;PCM D 40X40 DBL W/5 SN;BH
ACC PINTU;CYLINDER;OMGE;PCM D 35X35 DBL W/5 RSN;BH
ACC PINTU;CYLINDER;OMGE;PCM D 31X31 K01 W/5 RSN;BH
ACC PINTU;CYLINDER;OMGE;PCM D 40X40 K01 W/5 RSN;BH
ACC PINTU;CYLINDER;OMGE;PCM D 35X35 K01 W/5 RSN;BH
ACC PINTU;CYLINDER;OMGE;PCM D 50X50 K01 W/5 RSN;BH
ACC PINTU;CYLINDER;OMGE;PCM D 50X50 DBL W/5 RSN;BH
ACC PINTU;CYLINDER;OMGE;PCM D 31X31 DBL W/5 RSN;BH
ACC PINTU;CYLINDER;SLG;COMP SN;BH
ACC PINTU;CYLINDER;DUMONT;WC D26-60 SN;BH
ACC PINTU;CYLINDER;OK;6,5 CM;BH
ACC PINTU;CYLINDER;DEA;SN;BH
ACC PINTU;CYLINDER;DEA;PUTAR KUNCI;BH
ACC PINTU;CYLINDER;STARK;KNOB 60MM SN COMP;BH
ACC PINTU;CYLINDER;STARK;SN COMP;BH
ACC PINTU;CYLINDER;STARK;BLACK COMP;BH
ACC PINTU;CYLINDER;ELBRUS;SN;BH
ACC PINTU;CYLINDER;RAFES;PTR S31X31 K17 AB;BH
ACC PINTU;CYLINDER;ORCHARD;6,5 CM;BH
ACC PINTU;KUNCI WC;SES;BT 01 SN;BH
ACC PINTU;KUNCI WC;OMGE;BULAT CLM 5375 - 60 SR ;BH
ACC PINTU;KUNCI WC;OMGE;BULAT CLM 5375 - 60 CN;BH
ACC PINTU;KUNCI WC;OMGE;BULAT CLM 5375 - 60 EX;BH
ACC PINTU;KUNCI WC;OMGE;BULAT CLM 5375 - 60 PR;BH
ACC PINTU;KUNCI WC;DEA;BULAT 987 BK;BH
ACC PINTU;KUNCI WC;DEA;BULAT 987 ET;BH
ACC PINTU;KUNCI WC;ALPHA;BULAT 8000 PB;BH
ACC PINTU;KUNCI WC;CHANNEL;INDIKATOR YAC 11 GP;BH
ACC PINTU;KUNCI WC;CHETI;TOILET INDICOTING BOLT SS;BH
ACC PINTU;KUNCI WC;OT;11 SA SN;BH
ACC PINTU;KUNCI WC;SECMA;BULAT 5881 SS ;BH
ACC PINTU;KUNCI WC;YALE;BULAT 5132 / 5122 VCA US32D;BH
ACC PINTU;KUNCI WC;OK;38 - 5 S/S;BH
ACC PINTU;ENGSEL;CAVELL;4X3X3 4BB SN;PS
ACC PINTU;ENGSEL;CAVELL;4X3X2 4BB SN PIN;PS
ACC PINTU;ENGSEL;DEKKSON;NRP ESS 316 4X3X4 4BB SSS;PS
ACC PINTU;ENGSEL;DEKKSON;NRP ESS DL 4X3X3 2BB SSS;PS
ACC PINTU;ENGSEL;GERBER;4X3X2.5 DBH SN;PS
ACC PINTU;ENGSEL;GERBER;GTA 6X3X3 SS PIN;PS
ACC PINTU;ENGSEL;SES;4X3X3.5 4BB SS;PS
ACC PINTU;ENGSEL;SES;3X2.5 K;PS
ACC PINTU;ENGSEL;SES;3X2.5X3.5 2BB AB;PS
ACC PINTU;ENGSEL;SES;4X3X3.5 4BB AB;PS
ACC PINTU;ENGSEL;SES;5X3X3.5 4BB AB;PS
ACC PINTU;ENGSEL;SES;5X3X3.5 4BB SS;PS
ACC PINTU;ENGSEL;ALBION;3X2.5X3 2BB SS CASTING;PS
ACC PINTU;ENGSEL;ALBION;3X2.5X2.8 2BB FHP GP;PS
ACC PINTU;ENGSEL;ALBION;5X3X4 2BB SS CASTING;PS
ACC PINTU;ENGSEL;OMGE;SELF CLOSING SS BHM 4X3X2 R;PS
ACC PINTU;ENGSEL;OMGE;SELF CLOSING SS BHM 4X3X2 L;PS
ACC PINTU;ENGSEL;OMGE;BHM EQ 4X3X3 2BB SS;PS
ACC PINTU;ENGSEL;OMGE;BHM EQ 4X3X3 4BB SS;PS
ACC PINTU;ENGSEL;OMGE;BHM EQ 5X3X3 2BB SS;PS
ACC PINTU;ENGSEL;OMGE;BHM HQ 4X3X2 2BB SS;PS
ACC PINTU;ENGSEL;OMGE;BHM HQ 5X3X3 4BB  W/SS;PS
ACC PINTU;ENGSEL;OMGE;SS BHM EQ 4X3X2 2BB US32D;PS
ACC PINTU;ENGSEL;OMGE;SS BHM EQ 4X3X3 2BB NP-SP;PS
ACC PINTU;ENGSEL;OMGE;SS BHM HQ 3X2.5X2 2BB US32D;PS
ACC PINTU;ENGSEL;F&F;4X3X2 4BB SN;PS
ACC PINTU;ENGSEL;DUMONT;ESD46 SSS 4X3X3 4BB AB;PS
ACC PINTU;ENGSEL;DUMONT;ESD36 3X2.5X2.2 MM 2BB AB;PS
ACC PINTU;ENGSEL;MILANO;BHL UQ 3X2.5X2 2BB;PS
ACC PINTU;ENGSEL;MILANO;BHL UQ 4X3X3 4BB;PS
ACC PINTU;ENGSEL;MILANO;BHL UQ 5X3X3 4BB SS;PS
ACC PINTU;ENGSEL;MILANO;"SS TIPIS MILANO BHL 2""";PS
ACC PINTU;ENGSEL;MILANO;"SS TIPIS MILANO BHL 2.5""";PS
ACC PINTU;ENGSEL;MILANO;"SS TIPIS MILANO BHL 3""";PS
ACC PINTU;ENGSEL;SILCA;4X3X2 SS;PS
ACC PINTU;ENGSEL;SILCA;4X3X3 SS;PS
ACC PINTU;ENGSEL;DEA;4X3X3 SS;PS
ACC PINTU;ENGSEL;DEA;5X3X3 SS;PS
ACC PINTU;ENGSEL;DEA;3x2.5x2.5 SS;PS
ACC PINTU;ENGSEL;STARK;6X3.5X4;PS
ACC PINTU;ENGSEL;STARK;3X2.5X2.5 BLACK;PS
ACC PINTU;ENGSEL;STARK;4X3X3 BLACK;PS
ACC PINTU;ENGSEL;STARK;5X3X3 BLACK;PS
ACC PINTU;ENGSEL;STARK;6X4X4 SAFT SS;PS
ACC PINTU;ENGSEL;CHANNEL;5X3X3 PCP/GP;PS
ACC PINTU;ENGSEL;IHS;6602 4X3X3 4BB SN;PS
ACC PINTU;ENGSEL;EMBASSY;3X2.5X2 SS;PS
ACC PINTU;ENGSEL;TJ;3X2.5X2.5 SN (B);PS
ACC PINTU;ENGSEL;EXITO;PIANO;PS
ACC PINTU;ENGSEL;VNZ;"3"" SN (B)";PS
ACC PINTU;ENGSEL;VNZ;"4"" SN (B)";PS
ACC PINTU;ENGSEL;SEVILLA;"4"" SN (B)";PS
ACC PINTU;ENGSEL;VENETIAN;"5"" SN (B)";PS
ACC PINTU;ENGSEL CASEMENT;SES;"8"" SS";PS
ACC PINTU;ENGSEL CASEMENT;SES;"8"" GP";PS
ACC PINTU;ENGSEL CASEMENT;SES;"24"" GP";PS
ACC PINTU;ENGSEL CASEMENT;SES;"28"" SS";PS
ACC PINTU;ENGSEL CASEMENT;ALBION;"12"" PUTIH";PS
ACC PINTU;ENGSEL CASEMENT;ALBION;"14"" PUTIH";PS
ACC PINTU;ENGSEL CASEMENT;ALBION;"16"" PUTIH";PS
ACC PINTU;ENGSEL CASEMENT;ALBION;"10"" COKLAT";PS
ACC PINTU;ENGSEL CASEMENT;ALBION;"14"" COKLAT";PS
ACC PINTU;ENGSEL CASEMENT;ALBION;"2021 - 8"" SN";PS
ACC PINTU;ENGSEL CASEMENT;ALBION;"2021 - 10"" SN";PS
ACC PINTU;ENGSEL CASEMENT;ALBION;"2021 - 14"" SN";PS
ACC PINTU;ENGSEL CASEMENT;ALBION;"SD - 16"" - 2MM SS";PS
ACC PINTU;ENGSEL CASEMENT;ALBION;"SD - 20"" - 2,5MM SS";PS
ACC PINTU;ENGSEL CASEMENT;555;"20"" SS";PS
ACC PINTU;ENGSEL CASEMENT;WINA;"8"" SS";PS
ACC PINTU;ENGSEL CASEMENT;WINA;"12"" SN";PS
ACC PINTU;ENGSEL CASEMENT;DEA;"14"" SN";PS
ACC PINTU;ENGSEL CASEMENT;INLOCK;"8"" SS";PS
ACC PINTU;ENGSEL CASEMENT;INLOCK;"16"" SS";PS
ACC PINTU;ENGSEL CASEMENT;INLOCK;"20"" SS";PS
ACC PINTU;ENGSEL CASEMENT;INLOCK;"24"" SS";PS
ACC PINTU;ENGSEL CASEMENT;LINK;"10"" KY";PS
ACC PINTU;ENGSEL CASEMENT;LINK;"20"" KY";PS
ACC PINTU;ENGSEL PIVOT;OMGE;FLOOR PVM 270 US32D;PS
ACC PINTU;ENGSEL PIVOT;OMGE;PVM G 150 L US 32 D;PS
ACC PINTU;ENGSEL PIVOT;OMGE;PVM G 150 R US 32 D;PS
ACC PINTU;ENGSEL PIVOT;OMGE;PVM 50 Z;PS
ACC PINTU;ENGSEL PIVOT;OMGE;PVM G 50 R ;PS
ACC PINTU;ENGSEL PIVOT;OMGE;PVM 120-30 R;PS
ACC PINTU;ENGSEL PIVOT;OMGE;PVM 120-10 D R;PS
ACC PINTU;ENGSEL PIVOT;OMGE;PVM G 100 L ;PS
ACC PINTU;ENGSEL PIVOT;OMGE;PVM G 100 R ;PS
ACC PINTU;ENGSEL PIVOT;OMGE;PVM 120-20 R;PS
ACC PINTU;ENGSEL PIVOT;OMGE;PVM HD 300 ;PS
ACC PINTU;ENGSEL PIVOT;OMGE;PVM 157-80;PS
ACC PINTU;ENGSEL PIVOT;OMGE;PVM 157-120;PS
ACC PINTU;ENGSEL PIVOT;OK;ADJUST AB;PS
ACC PINTU;ENGSEL PIVOT;OK;ADJUST SN;PS
ACC PINTU;ENGSEL PIVOT;OK;PELOR SN;PS
ACC PINTU;ENGSEL PIVOT;EL;H 21 SN;PS
ACC PINTU;ENGSEL PIVOT;GMT;7A G US32D;PS
ACC PINTU;ENGSEL PIVOT;GMT;9B;PS
ACC PINTU;ENGSEL PIVOT;NAKANISHI;DEZ 05;PS
ACC PINTU;SHOWER HINGE;DEKKSON;SH 7701 (GW) CP;PS
ACC PINTU;SHOWER HINGE;DEKKSON;SH 7703 (180) CP;PS
ACC PINTU;SHOWER HINGE;DEKKSON;SH 7704 (90) CP;PS
ACC PINTU;SHOWER HINGE;SES;GH-02;PS
ACC PINTU;SHOWER HINGE;OMGE;SHM 3000 - 1 US32D;PS
ACC PINTU;SHOWER HINGE;OMGE;SHM 3000 - 4 US32D;PS
ACC PINTU;SHOWER HINGE;OMGE;SHM 3000 - 5 US32D;PS
ACC PINTU;SHOWER HINGE;OMGE;SHB 302 US26;PS
ACC PINTU;SHOWER HINGE;MILANO;SHL 201A US 32;PS
ACC PINTU;SHOWER HINGE;GMT;BJ 103 C US 32 D -180;PS
ACC PINTU;SHOWER HINGE;GMT;BJ 304 C;PS
ACC PINTU;SHOWER HINGE;ROWEL;SH PF 773 - 1 (GW) CP;PS
ACC PINTU;SHOWER HINGE;DORMA;S-1000 GTW;PS
ACC PINTU;FLOOR HINGE;OMGE;FHM 60;SET
ACC PINTU;FLOOR HINGE;OMGE;FHM 84 (#3);SET
ACC PINTU;PATCH FITTING;OMGE;PFM 10 US32;BH
ACC PINTU;PATCH FITTING;OMGE;PFM 10 A US32;BH
ACC PINTU;PATCH FITTING;OMGE;PFM 20 US32;BH
ACC PINTU;PATCH FITTING;OMGE;PFM 30 US 32;BH
ACC PINTU;PATCH FITTING;OMGE;PFM 40 US 32;BH
ACC PINTU;PATCH FITTING;OMGE;PFM 24;BH
ACC PINTU;PATCH FITTING;OMGE;PFM 25;BH
ACC PINTU;PATCH FITTING;OMGE;PFM 26;BH
ACC PINTU;PATCH FITTING;OMGE;PFM 10 F;BH
ACC PINTU;PATCH FITTING;OMGE;PFM 20 F;BH
ACC PINTU;PATCH FITTING;OMGE;PFM 30 F;BH
ACC PINTU;PATCH FITTING;OMGE;PFM 40 F;BH
ACC PINTU;PATCH FITTING;OMGE;PFM 10+20+10A US32;BH
ACC PINTU;PATCH FITTING;ADITEG;SET ;SET
ACC PINTU;GRENDEL;CAVELL;"3"" GP";BH
ACC PINTU;GRENDEL;GERBER;"CX 200/2"" MSN";BH
ACC PINTU;GRENDEL;GERBER;"CX 200/6"" MSN";BH
ACC PINTU;GRENDEL;GERBER;"CX 200/12"" MSN";BH
ACC PINTU;GRENDEL;GERBER;"CX 200/18"" MSN";BH
ACC PINTU;GRENDEL;MULLER;"6"" ALLUMINIUM";BH
ACC PINTU;GRENDEL;MULLER;"5"" ALLUMINIUM";BH
ACC PINTU;GRENDEL;SES;580 GP;BH
ACC PINTU;GRENDEL;SES;DB 002 SS;BH
ACC PINTU;GRENDEL;SES;"12"" NEW SN";BH
ACC PINTU;GRENDEL;SES;"2"" NEW SN";BH
ACC PINTU;GRENDEL;OMGE;DBM 100 US32D;BH
ACC PINTU;GRENDEL;OMGE;DBM 208 L US32D;BH
ACC PINTU;GRENDEL;OMGE;DBM 208 S US33D;BH
ACC PINTU;GRENDEL;OMGE;"DBM 268 - 12"" SN";BH
ACC PINTU;GRENDEL;BELLOCA;"2"" SN";BH
ACC PINTU;GRENDEL;SOLIGEN;"2"" SS";BH
ACC PINTU;GRENDEL;SOLIGEN;"3"" SS";BH
ACC PINTU;GRENDEL;SOLIGEN;"4"" SS";BH
ACC PINTU;GRENDEL;SOLIGEN;"6"" SS";BH
ACC PINTU;GRENDEL;SOLIGEN;"8"" SS";BH
ACC PINTU;GRENDEL;SOLIGEN;"10"" SS";BH
ACC PINTU;GRENDEL;SOLIGEN;"12"" SS";BH
ACC PINTU;GRENDEL;SOLIGEN;"18"" SS";BH
ACC PINTU;GRENDEL;SOLIGEN;"36"" SS";BH
ACC PINTU;GRENDEL;MILANO;HASP STABLE SN;BH
ACC PINTU;GRENDEL;OK;OVERVAL SN;BH
ACC PINTU;GRENDEL;OK;OVERVAL M;BH
ACC PINTU;GRENDEL;OK;OVERVAL L;BH
ACC PINTU;GRENDEL;OK;"OVERVAL 2""";BH
ACC PINTU;GRENDEL;OK;"OVERVAL 2.5""";BH
ACC PINTU;GRENDEL;OK;"OVERVAL 3""";BH
ACC PINTU;GRENDEL;OK;"OVERVAL 4""";BH
ACC PINTU;GRENDEL;NISHAN;"3"" SS";BH
ACC PINTU;GRENDEL;NISHAN;"4"" SS";BH
ACC PINTU;GRENDEL;ELT;B 27 GP;BH
ACC PINTU;GRENDEL;ELT;B 28 GP;BH
ACC PINTU;GRENDEL;ELT;B 31 GP;BH
ACC PINTU;GRENDEL;GP;"3"" GP";BH
ACC PINTU;GRENDEL;GP;"2"" SN";BH
ACC PINTU;GRENDEL;YORK;"10"" SN";BH
ACC PINTU;GRENDEL;YORK;"6"" SN";BH
ACC PINTU;GRENDEL;CAB;"2"" SN";BH
ACC PINTU;GRENDEL TANAM;SES;8 / 24 FW SUS 304 SN;PS
ACC PINTU;GRENDEL TANAM;SES;8 / 18 FW SS SUS 304;PS
ACC PINTU;GRENDEL TANAM;SES;AK 8-18 AB;PS
ACC PINTU;GRENDEL TANAM;SES;FW 8-12 AB;PS
ACC PINTU;GRENDEL TANAM;ALBION;"DL 629 - 18"" SN";BH
ACC PINTU;GRENDEL TANAM;ALBION;"SS SOLID ALBION 8"" SN";BH
ACC PINTU;GRENDEL TANAM;ALBION;"SS SOLID ALBION 18"" SN";BH
ACC PINTU;GRENDEL TANAM;ALBION;"SS SOLID ALBION 24"" SN";BH
ACC PINTU;GRENDEL TANAM;OMGE;FBM 630 6/12 SN;PS
ACC PINTU;GRENDEL TANAM;OMGE;"FBM 630-6"" SN";SET
ACC PINTU;GRENDEL TANAM;OMGE;"FBM 001 FD SN + FBM SQUARE 8"" + BCM 530 US32D (KIRI)";BH
ACC PINTU;GRENDEL TANAM;OMGE;"FBM 001 FD SN + FBM SQUARE 8"" + BCM 530 US32D (KANAN)";SET
ACC PINTU;GRENDEL TANAM;MILANO;"KNG PLAT 4"" GP";BH
ACC PINTU;GRENDEL TANAM;KEMPINSKY;GT 3020 6/12 SN;PS
ACC PINTU;GRENDEL TANAM;ELT;B 24 6/10 AC;PS
ACC PINTU;GRENDEL TANAM;STARCK;8/12 BLACK;SET
ACC PINTU;DOOR CLOSER;DEKKSON;"EXPANDA ALM BA - 9"" SN";BH
ACC PINTU;DOOR CLOSER;DEKKSON;DCL 300 NHO NA;BH
ACC PINTU;DOOR CLOSER;DEKKSON;DCL 300 NHO WH;BH
ACC PINTU;DOOR CLOSER;OMGE;DCM 313 FBC SLV;BH
ACC PINTU;DOOR CLOSER;OMGE;DCM 222 (196);BH
ACC PINTU;DOOR CLOSER;OMGE;DCM 523 HO SLV (101 D);BH
ACC PINTU;DOOR CLOSER;OMGE;DCM 523 HO BR (101 D);BH
ACC PINTU;DOOR CLOSER;OMGE;DCM 523 NHO SLV (101 A);BH
ACC PINTU;DOOR CLOSER;OMGE;DCM 523 NHO BRW (101 A);BH
ACC PINTU;DOOR CLOSER;OMGE;DCM 102 SLV;BH
ACC PINTU;DOOR CLOSER;OMGE;DCM 9326 F-BC-DT-CF SLV(NHO);BH
ACC PINTU;DOOR CLOSER;OMGE;SLIDING CHECK DCM 1905 US32D;BH
ACC PINTU;DOOR CLOSER;INTERKEY;HO PUTIH;BH
ACC PINTU;DOOR CLOSER;HAMPTON;DCL 202 NHO WH;BH
ACC PINTU;DOOR CLOSER;HAMPTON;DCL 202 NHO BA;BH
ACC PINTU;DOOR CLOSER;HAMPTON;DCL 202 NHO NA SLV;BH
ACC PINTU;DOOR CLOSER;BELMONDO;HO;BH
ACC PINTU;DOOR CLOSER;BELMONDO;NHO;BH
ACC PINTU;DOOR STOP;DEKKSON;DS 001 SSS;BH
ACC PINTU;DOOR STOP;DEKKSON;DS 019 BULAT KARET;BH
ACC PINTU;DOOR STOP;DEKKSON;DS 887 SN;BH
ACC PINTU;DOOR STOP;MULLER;INJAK GP;BH
ACC PINTU;DOOR STOP;SES;565 SN;BH
ACC PINTU;DOOR STOP;ALBION;DS 001 GP;BH
ACC PINTU;DOOR STOP;ALBION;DS 001 BR;BH
ACC PINTU;DOOR STOP;OMGE;DSM 205 SN;BH
ACC PINTU;DOOR STOP;OMGE;DSM 631 SN;BH
ACC PINTU;DOOR STOP;OMGE;DSM 670 SN;BH
ACC PINTU;DOOR STOP;OMGE;DSM 670 AB;BH
ACC PINTU;DOOR STOP;OMGE;DSM 207 SN;BH
ACC PINTU;DOOR STOP;OMGE;DSM 240-50 US32D BLACK;BH
ACC PINTU;DOOR STOP;OMGE;DSM 6848 AB;BH
ACC PINTU;DOOR STOP;STARCK;L 012 SN;BH
ACC PINTU;DOOR STOP;STARCK;006 BLACK DWD;BH
ACC PINTU;DOOR STOP;STARCK;333 BLACK DWD;BH
ACC PINTU;DOOR STOP;STARCK;838 BLACK;BH
ACC PINTU;DOOR STOP;STARCK;838 SUS304SS;BH
ACC PINTU;DOOR STOP;DUMONT;STP 307 AB;BH
ACC PINTU;DOOR STOP;DUMONT;STP 308 AB;BH
ACC PINTU;DOOR STOP;DUMONT;STP 309 AB;BH
ACC PINTU;DOOR STOP;DUMONT;STP 306 SSS;BH
ACC PINTU;DOOR STOP;OK;KARET HITAM;BH
ACC PINTU;DOOR STOP;DAN;INJAK 155 SN;BH
ACC PINTU;GEMBOK;SES;38MM BLACK;BH
ACC PINTU;GEMBOK;SES;878 - 40 A CHR;BH
ACC PINTU;GEMBOK;SES;878 - 50 A CHR;BH
ACC PINTU;GEMBOK;SES;878 - 60 A CHR;BH
ACC PINTU;GEMBOK;SES;P 01 SS;BH
ACC PINTU;GEMBOK;SES;CST 80 CHR;BH
ACC PINTU;GEMBOK;SES;878 - 603 - B CHR;SET
ACC PINTU;GEMBOK;SES;P02 SS;BH
ACC PINTU;GEMBOK;SES;878 A 705-70MM MK SN;SET
ACC PINTU;GEMBOK;SES;878 A 605-60MM MK SN;SET
ACC PINTU;GEMBOK;SES;878 A 405-40MM MK SN;SET
ACC PINTU;GEMBOK;SES;878 A 703-70MM CHR;SET
ACC PINTU;GEMBOK;SES;878 A 503-50MM CHR;SET
ACC PINTU;GEMBOK;SES;878 A 403-40MM CHR;SET
ACC PINTU;GEMBOK;SES;878 A 505-50MM CHR;SET
ACC PINTU;GEMBOK;SES;878 A 701-70MM CHR;SET
ACC PINTU;GEMBOK;SES;878 A 603-60MM CHR;SET
ACC PINTU;GEMBOK;ALBION;AT - 878 - 40MM;BH
ACC PINTU;GEMBOK;ALBION;AT - 878 - 60MM;BH
ACC PINTU;GEMBOK;ALBION;AT - 878 - 70MM;BH
ACC PINTU;GEMBOK;ALBION;BT - 878 - 50MM;BH
ACC PINTU;GEMBOK;ALBION;BT - 878 - 60MM;BH
ACC PINTU;GEMBOK;ALBION;BT - 878 - 70MM;BH
ACC PINTU;GEMBOK;ALBION;CT - 878 - 50MM;BH
ACC PINTU;GEMBOK;ALBION;CT - 888 - 50MM;BH
ACC PINTU;GEMBOK;OMGE;PLM MK 5 1012 - 70MM LP/LPD;BH
ACC PINTU;GEMBOK;OMGE;PLM MK 5 1012 - 50MM;BH
ACC PINTU;GEMBOK;OMGE;PLM MK 5 1012 - 40MM;BH
ACC PINTU;GEMBOK;OMGE;PLM MK 4 1012 - 60MM LPD;BH
ACC PINTU;GEMBOK;OMGE;PLM MK 4 1012 - 70MM LP/LPD;BH
ACC PINTU;GEMBOK;OMGE;PLM MK 4 1012 - 60MM LP/LPD;BH
ACC PINTU;GEMBOK;OMGE;PLM MK 4 1012 - 50 LPD;BH
ACC PINTU;GEMBOK;OMGE;PLM MK 4 1012 - 40 LPD;BH
ACC PINTU;GEMBOK;OMGE;PLM 101 - 40;BH
ACC PINTU;GEMBOK;OMGE;PLM 101 - 70;BH
ACC PINTU;GEMBOK;OMGE;PLM 102 - 70;BH
ACC PINTU;GEMBOK;OMGE;PLM 978;BH
ACC PINTU;GEMBOK;SOLIGEN;ANGKA 50S;BH
ACC PINTU;GEMBOK;SOLIGEN;ANGKA 50L;BH
ACC PINTU;GEMBOK;SOLIGEN;COMP 40X3;BH
ACC PINTU;GEMBOK;SOLIGEN;COMP 40X5;BH
ACC PINTU;GEMBOK;SOLIGEN;COMP 50X3;BH
ACC PINTU;GEMBOK;SOLIGEN;COMP 50X5;BH
ACC PINTU;GEMBOK;SOLIGEN;PER 25 S;BH
ACC PINTU;GEMBOK;SOLIGEN;COMP PER 40S;BH
ACC PINTU;GEMBOK;SOLIGEN;COMP PER 40L;BH
ACC PINTU;GEMBOK;SOLIGEN;COMP PER 50S;BH
ACC PINTU;GEMBOK;SOLIGEN;COMP PER 50L;BH
ACC PINTU;GEMBOK;SOLIGEN;COMP PER 60L;BH
ACC PINTU;GEMBOK;SOLIGEN;60S COMP;BH
ACC PINTU;GEMBOK;DUMONT;PDF 001 CLR;BH
ACC PINTU;GEMBOK;DUMONT;PD HD10 BOMBER SS304;BH
ACC PINTU;GEMBOK;MILANO;PLL 206 - 60MM;BH
ACC PINTU;GEMBOK;SILCA;SB 90-90 MM;BH
ACC PINTU;GEMBOK;YALE;Y 220 / 51 / 118 / 1;BH
ACC PINTU;GEMBOK;YALE;Y 221 / 52 / 25 / 1;BH
ACC PINTU;GEMBOK;YALE;YP 1 / 28 / 121 / 1Y YELLOW;BH
ACC PINTU;GEMBOK;ABUS;40;BH
ACC PINTU;GEMBOK;ABUS;60;BH
ACC PINTU;GEMBOK;ABUS;PANZER 50;BH
ACC PINTU;GEMBOK;ABUS;PANZER 70;BH
ACC PINTU;GEMBOK;ABUS;PANZER 60;BH
ACC PINTU;GEMBOK;ABUS;MK5 - 60;SET
ACC PINTU;GEMBOK;ABUS;COVER 60MM;BH
ACC PINTU;GEMBOK;ABUS;COVER 50MM;BH
ACC PINTU;GEMBOK;ABUS;604 MK SS;SET
ACC PINTU;GEMBOK;ABUS;704 MK SS;SET
ACC PINTU;GEMBOK;ABUS;705 MK SS;SET
ACC PINTU;GEMBOK;FALCO;003 - 340 (40MM) SS;BH
ACC PINTU;GEMBOK;PERUNO;DP 640 - 40MM GP;BH
ACC PINTU;GEMBOK;PERUNO;250 - 50MM GP;BH
ACC PINTU;GEMBOK;VIRO;305 - 70MM GEPENG;BH
ACC PINTU;GEMBOK;VIRO;103 - 60MM BULAT;BH
ACC PINTU;GEMBOK;VIRO;104 - 70MM BULAT;BH
ACC PINTU;GEMBOK;BRABUS;GT 60L;BH
ACC PINTU;GEMBOK;BRABUS;GT 60;BH
ACC PINTU;GEMBOK;BRABUS;GT 50L;BH
ACC PINTU;GEMBOK;BRABUS;GT 50;BH
ACC PINTU;GEMBOK;BRABUS;GT 40L;BH
ACC PINTU;GEMBOK;BRABUS;GT 40;BH
ACC PINTU;GEMBOK;HONA;30L;BH
ACC PINTU;GEMBOK;HONA;30S;BH
ACC PINTU;REL;OMGE;DGM M3;SET
ACC PINTU;REL;OMGE;DGM M4;SET
ACC PINTU;REL;OMGE;DGM M5;SET
ACC PINTU;REL;DUMONT;D4 ALUMINIUM 2,1 M;SET
ACC PINTU;REL;DUMONT;D3 ALUMINIUM 1,8 M;SET
ACC PINTU;REL;WINA;WS-180 RD2 NYLON;SET
ACC PINTU;REL;WINA;WS-90 RD2 NYLON;SET
ACC PINTU;REL;GMT;RW 75 ( 2,1M );SET
ACC PINTU;REL;FINEASY;RODA KACA SLIDING KOTAK 2218 ( 2M );SET
ACC PINTU;REL;FINEASY;RODA KACA SLIDING OVAL 2219 ( 2M );SET
ACC PINTU;REL;BENELOCK;J3;SET
ACC PINTU;REL;ARMENIE;A4;SET
ACC CAMPUR PINTU;DOOR VIEWER;DEKKSON;DV 837;BH
ACC CAMPUR PINTU;DOOR VIEWER;OMGE;DVM 2838 CG - 200 (35-60) SN;BH
ACC CAMPUR PINTU;DOOR VIEWER;ZP;03 GP;BH
ACC CAMPUR PINTU;DOOR BOLT;ALBION;D 8660 GP;BH
ACC CAMPUR PINTU;DOOR BOLT;ALBION;D 8660 E SN;BH
ACC CAMPUR PINTU;DOOR BOLT;ALBION;SALAME DL 659 SN;BH
ACC CAMPUR PINTU;DOOR BOLT;OMGE;DBM 660 A SN;BH
ACC CAMPUR PINTU;DOOR BOLT;OMGE;DBM 660 SN;BH
ACC CAMPUR PINTU;DOOR CHAIN;OMGE;DAM 108 US32D;BH
ACC CAMPUR PINTU;DOOR GUARD;OMGE;DUM 628 SN;BH
ACC CAMPUR PINTU;DOOR GUARD;ELT;B 29 GP;BH
ACC CAMPUR PINTU;DOOR GUARD;ELT;B 29 AC;BH
ACC CAMPUR PINTU;DOOR KNOCKER;OK;SINGA KECIL AB;BH
ACC CAMPUR PINTU;DOOR KNOCKER;OK;SINGA BESAR AB;BH
ACC CAMPUR PINTU;LUBANG GRENDEL  TANAM;OMGE;DPM 299 US32D;BH
ACC CAMPUR PINTU;LUBANG GRENDEL  TANAM;OMGE;DPM 299 L SN;BH
ACC CAMPUR PINTU;LUBANG GRENDEL  TANAM;MILANO;SN;BH
ACC CAMPUR PINTU;KUNCI OTOMATIS;DUMONT;D898 SN/CP;BH
ACC CAMPUR PINTU;KUNCI OTOMATIS;FLY GLOBE;SILVER;BH
ACC CAMPUR PINTU;KUNCI OTOMATIS;VYBA ;GOLD;BH
ACC CAMPUR PINTU;KUNCI TAMBAHAN;OMGE;SHAF DOORLOCK SLM 012;BH
ACC CAMPUR PINTU;KUNCI ALUMINIUM;HAMPTON;SWING AL KC 5128 PJ;BH
ACC CAMPUR PINTU;KUNCI ALUMINIUM;OMGE;LCM 2847A US32D;BH
ACC CAMPUR PINTU;KUNCI ALUMINIUM;OMGE;LCM 2847B US32D;BH
ACC CAMPUR PINTU;KUNCI ALUMINIUM;DUMONT;SLIDING LC D71 23 AL HOOK;BH
ACC CAMPUR PINTU;KUNCI ALUMINIUM;DUMONT;LC D81 23 AL SWING;BH
ACC CAMPUR PINTU;KUNCI ALUMINIUM;HAMPTON;SWING AL KC 5128 PD;BH
ACC CAMPUR PINTU;KUNCI ALUMINIUM;SPARTAN;9928;BH
ACC CAMPUR PINTU;KUNCI ALUMINIUM;CISMA;CM 5123;BH
ACC CAMPUR PINTU;KUNCI ALUMINIUM;BREMEN;SLIDING AL KC 4423;BH
ACC CAMPUR PINTU;KUNCI EXPANDA;MILANO;KASA MLL 901 WHT;SET
ACC CAMPUR PINTU;KUNCI EXPANDA;INTERKEY;KASA 999 WH;SET
ACC CAMPUR PINTU;SHOWER HANDLE;EGO;ZY 178 A (CC 200XCC500) PSS;PS
ACC CAMPUR PINTU;SHOWER HANDLE;HAMPTON;HPT 814 25X200X500 PSS;PS
ACC CAMPUR PINTU;SHOWER HANDLE;OMGE;PHM 2820P D25 200X500 US32D;PS
ACC CAMPUR PINTU;SHOWER HANDLE;OMGE;PHM 1810 D19 0X500 US32;PS
ACC CAMPUR PINTU;SHOWER HANDLE;OMGE;PHM 2860P 200X500 US32;PS
ACC CAMPUR PINTU;SHOWER HANDLE;OMGE;PHM 2850 H-11-US 32;PS
ACC CAMPUR PINTU;SHOWER HANDLE;OMGE;PHM 2850 H-11-US 32 D;PS
ACC CAMPUR PINTU;SHOWER HANDLE;OMGE;PHM 2850 S-03-US 32 ;PS
ACC CAMPUR PINTU;SHOWER HANDLE;OMGE;PHM 2850 S-03-US 32 D;PS
ACC CAMPUR PINTU;SHOWER HANDLE;OMGE;PHM 2850 S-07L-US 32 ;PS
ACC CAMPUR PINTU;SHOWER HANDLE;OMGE;PHM 2850 S-04-US 32;PS
ACC CAMPUR PINTU;SHOWER HANDLE;OMGE;PHM 2850 S-09-US 32;PS
ACC CAMPUR PINTU;SHOWER HANDLE;OMGE;PHM 2850 S-06-US 32;PS
ACC CAMPUR PINTU;SHOWER HANDLE;OMGE;PHM 2850 S-10-US 32D;PS
ACC CAMPUR PINTU;SHOWER HANDLE;OMGE;PHM 2850 S-05-US 32;PS
ACC CAMPUR PINTU;SPRINGHINGE;OMGE;SPM 800;PS
ACC CAMPUR PINTU;ENGSEL COBOY;BAB;"3""";PS
ACC CAMPUR PINTU;ENGSEL COBOY;BAB;"4""";PS
ACC CAMPUR PINTU;ENGSEL COBOY;BAB;"5""";PS
ACC CAMPUR PINTU;ENGSEL COBOY;BAB;"6""";PS
ACC CAMPUR PINTU;ENGSEL INVICIBLE;OMGE;IHM 140-19X95 US32D;PS
ACC CAMPUR PINTU;ENGSEL INVICIBLE;OMGE;IHM 140-28.5X118 US32D;PS
ACC CAMPUR PINTU;ENGSEL INVICIBLE;OMGE;IHM 120 W ;PS
ACC CAMPUR PINTU;ENGSEL INVICIBLE;OMGE;IHM 80 W ;PS
ACC CAMPUR PINTU;ENGSEL INVICIBLE;OMGE;IHM 40 W ;PS
ACC CAMPUR PINTU;CURTAIN HOOK;ELT;B 22 N;BH
ACC CAMPUR PINTU;CURTAIN HOOK;ELT;B 22 SN;BH
ACC CAMPUR PINTU;CURTAIN HOOK;ELT;B 22 GP;BH
ACC CAMPUR PINTU;CURTAIN HOOK;ELT;B 22 AC;BH
ACC CAMPUR PINTU;GLASS DOOR LOCK;OMGE;GLM 911 D US32D ;SET
ACC CAMPUR PINTU;GLASS DOOR LOCK;OMGE;GLM 911 S US32D;SET
ACC CAMPUR PINTU;GLASS DOOR LOCK;OMGE;GLM 937 L-D US32;SET
ACC CAMPUR PINTU;GLASS DOOR LOCK;OMGE;GLM 937 L-S US32;BH
ACC CAMPUR PINTU;GLASS DOOR LOCK;OMGE;GLM 990 S US32D;SET
ACC CAMPUR PINTU;GLASS DOOR LOCK;OMGE;GLM 990 D US32D;BH
ACC CAMPUR PINTU;GLASS DOOR LOCK;OMGE;GLM 900A 7B US32D;BH
ACC CAMPUR PINTU;GLASS DOOR LOCK;OMGE;GLM 934K D US32;SET
ACC CAMPUR PINTU;GLASS DOOR LOCK;OMGE;GLM 937K D US32;SET
ACC CAMPUR PINTU;GLASS DOOR LOCK;OMGE;GLM 938 D US32;SET
ACC CAMPUR PINTU;GLASS DOOR LOCK;OMGE;GLM 935K S US32;SET
ACC CAMPUR PINTU;GLASS DOOR LOCK;OMGE;GLM 937K S US32;SET
ACC CAMPUR PINTU;GLASS DOOR LOCK;OMGE;GLM 938 S US32;SET
ACC CAMPUR PINTU;GLASS DOOR LOCK;OMGE;DGM GLM 860A-8A;BH
ACC CAMPUR PINTU;GLASS DOOR LOCK;OMGE;DGM GLM 860A-8;BH
ACC CAMPUR PINTU;GLASS DOOR LOCK;OMGE;GLM 939 US 32 + GLM 939 STRIKE R US32;SET
ACC CAMPUR PINTU;GLASS DOOR LOCK;OMGE;GLM 939 US 32 + GLM 939 STRIKE L US32;SET
ACC CAMPUR PINTU;GLASS DOOR LOCK;OMGE;GLM 446 S US32D;BH
ACC CAMPUR PINTU;GLASS DOOR LOCK;OMGE;GLM 446 D US32D;BH
ACC CAMPUR PINTU;GLASS DOOR LOCK;ROWELL;PF GL 621-1 CP;SET
ACC CAMPUR PINTU;GLASS DOOR HINGE;OMGE;SHM 0527 US32D;BH
ACC CAMPUR PINTU;GLASS CONECTOR;OMGE;GCM 410-2 (GG 135);BH
ACC CAMPUR PINTU;GLASS CONECTOR;OMGE;GCM 410-1 (GG 90);BH
ACC CAMPUR PINTU;GLASS CONECTOR;OMGE;GCM 1057 US32D;BH
ACC CAMPUR PINTU;GLASS CONECTOR;OMGE;GCM 830-06 P;BH
ACC CAMPUR PINTU;GLASS CONECTOR;OMGE;GCM 830-06 A;BH
ACC CAMPUR PINTU;GLASS CONECTOR;OMGE;GCM 830A-10A;BH
ACC CAMPUR PINTU;GLASS CONECTOR;OMGE;GCM 802 US32;BH
ACC CAMPUR PINTU;GLASS CONECTOR;OMGE;GCM 830-06;BH
ACC CAMPUR PINTU;GLASS CONECTOR;OMGE;GCM 830-14A;BH
ACC CAMPUR PINTU;GLASS CONECTOR;OMGE;GCM 801 US32D;BH
ACC CAMPUR PINTU;GLASS CONECTOR;OMGE;GCM 810-4;BH
ACC CAMPUR PINTU;GLASS CONECTOR;OMGE;GCM 810-1;BH
ACC CAMPUR PINTU;GLASS CONECTOR;OMGE;GCM 810-2;BH
ACC CAMPUR PINTU;GLASS CONECTOR;OMGE;GCM 810-3;BH
ACC CAMPUR PINTU;GLASS CONECTOR;OMGE;GCM 276-3 US32 (GG 180);BH
ACC CAMPUR PINTU;GLASS CONECTOR;OMGE;GCM 276-5 US32D (GW 0);BH
ACC CAMPUR PINTU;GLASS CONECTOR;OMGE;GCM 276-4 US32 (GW 90);BH
ACC CAMPUR PINTU;GLASS CONECTOR;OMGE;GCM 220 W US32D;BH
ACC CAMPUR PINTU;REINFORCEMENT FIT;OMGE;RFM 11-1 US32D;BH
ACC CAMPUR PINTU;REINFORCEMENT FIT;OMGE;RFM 11-2 US32D;BH
ACC CAMPUR PINTU;REINFORCEMENT FIT;OMGE;RFM 11-3 US32D;BH
ACC CAMPUR PINTU;REINFORCEMENT FIT;OMGE;RFM 12 US32D;BH
ACC CAMPUR PINTU;REINFORCEMENT FIT;OMGE;RFM 12-1 US32D;BH
ACC CAMPUR PINTU;REINFORCEMENT FIT;OMGE;RFM 12-2 US32D;BH
ACC CAMPUR PINTU;REINFORCEMENT FIT;OMGE;RFM 13-1 US32D;BH
ACC CAMPUR PINTU;REINFORCEMENT FIT;OMGE;RFM 13-2 US32D;BH
ACC CAMPUR PINTU;REINFORCEMENT FIT;OMGE;RFM 15 US32D;BH
ACC CAMPUR PINTU;TOILET CONNECTOR;OMGE;TCM 439;BH
ACC CAMPUR PINTU;TOILET CONNECTOR;OMGE;"TCM 204-6"" ";BH
ACC CAMPUR PINTU;TOILET CONNECTOR;OMGE;"TCM 240-4"" US32D";BH
ACC CAMPUR PINTU;TOILET CONNECTOR;OMGE;"TCM 240-6"" US32D";BH
ACC CAMPUR PINTU;ELECTRIK LOCK;ALBION;POWER SUPLAY 902-3C;BH
ACC CAMPUR PINTU;ELECTRIK LOCK;ALBION;POWER SUPLAY 902-3X;BH
ACC CAMPUR PINTU;ELECTRIK LOCK;ALBION;BRACKET UP 220;BH
ACC CAMPUR PINTU;ELECTRIK LOCK;ALBION;BRACKET DOWN 220;BH
ACC CAMPUR PINTU;ELECTRIK LOCK;ALBION;BRACKET DOWN 235;BH
ACC CAMPUR PINTU;ELECTRIK LOCK;ALBION;KEYPAD 2645 MILKY;BH
ACC CAMPUR PINTU;ELECTRIK LOCK;ALBION;KEYPAD 2645 HDS DARK;BH
ACC CAMPUR PINTU;ELECTRIK LOCK;ALBION;MAGNETIC LOCK MC 300 L;BH
ACC CAMPUR PINTU;ELECTRIK LOCK;ALBION;ELECTRIK BOLT EC 220 H;BH
ACC CAMPUR PINTU;ELECTRIK LOCK;ALBION;ELECTRIK BOLT EC 235 H;BH
ACC CAMPUR PINTU;ELECTRIK LOCK;ALBION;ELECTRIK STRIKE EL 3211 K/R;BH
ACC CAMPUR PINTU;ELECTRIK LOCK;ALBION;ELECTRIK STRIKE EL 3211 K/L;BH
ACC CAMPUR PINTU;ELECTRIK LOCK;ALBION;KARTU;BH
ACC CAMPUR PINTU;ELECTRIK LOCK;ALBION;J.POWER FM 1270;BH
ACC CAMPUR PINTU;EDGE PULL;OMGE;EPM 0045 SN;BH
ACC CAMPUR PINTU;FLUSH HANDLE ;DEKKSON;DK 8716 58MM SS;PS
ACC CAMPUR PINTU;FLUSH HANDLE ;OMGE;FLM 109-D64-US32D;PS
ACC CAMPUR PINTU;DIGITAL LOCK;OMGE;DLM 219-70 SN;SET
ACC CAMPUR PINTU;DIGITAL LOCK;OMGE;DLM 209A 70 MM SN;SET
ACC CAMPUR PINTU;HANDRAIL STUD;OMGE;HSM-ST-EP18-US32D;BH
ACC CAMPUR PINTU;HANDRAIL STUD;OMGE;HSM-ST-EP15-US32D;BH
ACC CAMPUR PINTU;HANDRAIL STUD;OMGE;HSM-ST-EP25-US32D;BH
ACC CAMPUR PINTU;HANDRAIL STUD;OMGE;HSM-ST-EP34-US32D;BH
ACC CAMPUR PINTU;HANDRAIL STUD;OMGE;HSM-ST-EP23-US32D;BH
ACC CAMPUR PINTU;HANDRAIL STUD;OMGE;HSM-ST-EP10-US32D;BH
ACC CAMPUR PINTU;HANDRAIL STUD;OMGE;HSM-ST-EP12-US32D;BH
ACC CAMPUR PINTU;HANDRAIL STUD;OMGE;HSM-ST-YS17.SC.SBH-US32D+A9;BH
ACC CAMPUR PINTU;HANDRAIL STUD;OMGE;HSM-ST.YS05.SC.SGH-US32D;BH
ACC CAMPUR PINTU;HANDRAIL STUD;OMGE;HSM-ST-YS24.SC.SBH-US32;BH
ACC CAMPUR PINTU;HANDRAIL STUD;OMGE;HSM-ST-EP922 US32D;BH
ACC CAMPUR PINTU;HANDRAIL STUD;OMGE;HSM-ST-EP922Q US32D;BH
ACC CAMPUR PINTU;HANDRAIL STUD;OMGE;HSM-ST-EP912 US32D;BH
ACC CAMPUR PINTU;HANDRAIL STUD;OMGE;HSM-ST-YS24.SC.SBH-US32D;BH
ACC CAMPUR PINTU;HANDRAIL STUD;OMGE;HSM-ST-EP912 E US32D;BH
ACC CAMPUR PINTU;HANDRAIL STUD;OMGE;HSM-ST-EP912 US33D (TIANG SAJA);BH
ACC CAMPUR PINTU;HANDRAIL STUD;MILANO;HSL-ST-EP301-US32D;BH
ACC CAMPUR PINTU;HANDRAIL END CUP;OMGE;HSM EC 1801 US32;BH
ACC CAMPUR PINTU;HANDRAIL CONNECTOR;OMGE;HSM CN 1506 US32;BH
ACC CAMPUR PINTU;HANDRAIL CONNECTOR;OMGE;HSM CN 1016 US32D;BH
ACC CAMPUR PINTU;HANDRAIL CONNECTOR;OMGE;HSM CN 905B US32D;BH
ACC CAMPUR PINTU;HANDRAIL CONNECTOR;OMGE;HSM CN 908A US32D;BH
ACC CAMPUR PINTU;HANDRAIL CONNECTOR;OMGE;HSM CN EPC 1 US32D;BH
ACC CAMPUR PINTU;HANDRAIL CONNECTOR;OMGE;HSM CN EPC 2 US32D (SOLID FULL);BH
ACC CAMPUR PINTU;GLASS SPIGOT;MILANO;GSL 701 US32;BH
ACC CAMPUR PINTU;DOOR CLOSER HINGE;OMGE;DHM 3001 BH US32D (L);SET
ACC CAMPUR PINTU;HYDRAULIC PATCH;OMGE; HPM SND 150W US32D (EN4);SET
ACC CAMPUR PINTU;HYDRAULIC PATCH;OMGE;HPM SND 080 US32D (EN2);SET
ACC CAMPUR PINTU;PANIC BAR;OMGE;PEM 301 S;BH
ACC CAMPUR PINTU;PANIC BAR;OMGE;PEM 300 BLACK-RED;BH
ACC CAMPUR PINTU;PANIC BAR;OMGE;PEM 310 BLACK RED;BH
ACC CAMPUR PINTU;PANIC OS HANDLE;OMGE;PEM OH 015 SILVER L (CW300);BH
ACC CAMPUR PINTU;PANIC OS HANDLE;OMGE;PEM OH 016 SN (CW3015);BH
ACC CAMPUR PINTU;BODY PANIC;OMGE;PEM LC 2810 60X72 SN + CYL PCM S31X31 DBL W/3 RSN;BH
ACC CAMPUR PINTU;HANGER;OMGE;DGM TH 8600 4NW CPN;BH
ACC CAMPUR PINTU;HANGER;OMGE;DGM TH 5500 1;BH
ACC CAMPUR PINTU;HANGER;OMGE;DGM TH 8600 2 NWL;BH
ACC CAMPUR PINTU;HANGER;OMGE;DGM TH 8600 4 NWL;BH
ACC CAMPUR PINTU;HANGER;OMGE;DGM TH 5500 4;BH
ACC CAMPUR PINTU;BRACKET;OMGE;DGM TB 5500 E1;BH
ACC CAMPUR PINTU;BRACKET;OMGE;DGM TB 5500 E2;BH
ACC CAMPUR PINTU;BRACKET;OMGE;DGM TB 5500 C1;BH
ACC CAMPUR PINTU;BRACKET;OMGE;DGM TB 5500 C2;BH
ACC CAMPUR PINTU;BRACKET;OMGE;DGM TB 5500 W1;BH
ACC CAMPUR PINTU;BRACKET;OMGE;DGM TB 5500 G1;BH
ACC CAMPUR PINTU;BRACKET;OMGE;DGM TB 8600 C (STEEL);BH
ACC CAMPUR PINTU;BRACKET;OMGE;DGM TB 5500 W2;BH
ACC CAMPUR PINTU;BRACKET;OMGE;DGM TB 5500 G2;BH
ACC CAMPUR PINTU;TOP PIVOT;OMGE;DGM TP 8600 E;BH
ACC CAMPUR PINTU;TOP PIVOT;OMGE;DGM TP 8600 M;BH
ACC CAMPUR PINTU;FLOOR GUIDE;OMGE;DGM FG 8600 F;BH
ACC CAMPUR PINTU;CANOPY SYSTEM;OMGE;CSM 910T 3 US32D;BH
ACC CAMPUR PINTU;CANOPY SYSTEM;OMGE;CSM 910T 1 US32D;BH
ACC CAMPUR PINTU;CANOPY SYSTEM;OMGE;CSM 910T 2 US32D;BH
ACC CAMPUR PINTU;STOPPER;OMGE;DGM ST 5500;BH
ACC CAMPUR PINTU;STOPPER;OMGE;DGM ST 8600;BH
ACC CAMPUR PINTU;DROPPER GUARD;OMGE;DGM GU 5500;BH
ACC CAMPUR PINTU;GLASS STOPPER;OMGE;GTM 830D-4;SET
ACC CAMPUR PINTU;GLASS STOPPER;OMGE;GTM 830D-5;SET
ACC CAMPUR PINTU;BLANK KEY;OMGE;PCM-S;BH
ACC CAMPUR PINTU;BLANK KEY;OMGE;PCM-D;BH
ACC CAMPUR PINTU;HINGE;HI MOTION;SWING UPPER 451.42;BH
ACC CAMPUR PINTU;HINGE;HI MOTION;SWING LOWER 455.4;BH
ACC CAMPUR PINTU;DOOR SEAL;OMGE;DEM 23 HF;BH
ACC CAMPUR PINTU;DOOR SEAL;OMGE;DEM 26 SF (12/2500);BH
ACC CAMPUR PINTU;DOOR SEAL;OMGE;DEM 26 SF (10/2300);BH
ACC CAMPUR PINTU;SMARTLOCK;DEKKSON;ELECTRIC LOCK ELC 9317 MF FIN PAS BT(L/R) BK;PS
ACC CAMPUR PINTU;SMARTLOCK;DEKKSON;ELECTRIC LOCK ERC 9307 MF FIN PAS BT BK;PS
ACC CAMPUR PINTU;SMARTLOCK;DEKKSON;ELECTRIC LOCK ELC 9327 MF FIN PAS BT(L/R) CHROME SILVER;PS
ACC CAMPUR PINTU;SMARTLOCK;DEKKSON;ELECTRIC LOCK EL 9112 MF FIN PAS METALIC BK;PS
ACC CAMPUR PINTU;DEADBOLT ;STARCK;AB;BH
ACC CAMPUR PINTU;DEADBOLT ;STARCK;SN;BH
ACC CAMPUR PINTU;DEADBOLT ;STARCK;BLACK;BH
ACC CAMPUR PINTU;WHEEL;HI MOTION;104,16;BH
ACC CAMPUR PINTU;WHEEL;HI MOTION;102,12;BH
ACC CAMPUR PINTU;WHEEL;HI MOTION;102,1;BH
ACC CAMPUR PINTU;WHEEL;HI MOTION;104,14;BH
ACC CAMPUR PINTU;NYLON;HI MOTION;WHITE 220.3;BH
ACC CAMPUR PINTU;PELOR;OMGE;BCM 530 US32D;BH
ACC CAMPUR PINTU;PELOR;OMGE;BCM 500 US33D;BH
ACC PINTU;FLUSH BOLT;ALBION;"DL 86646 - 12"" BRASS";BH
ACC PINTU;FLUSH BOLT;OMGE;"FBM 346-6"" US32D";BH
ACC PINTU;FLUSH BOLT;OK;"GP 755-6"" SN";BH
ACC PINTU;FLUSH BOLT;OK;PUTIH;BH
ACC JENDELA;HAK ANGIN;SES;"8"" SN";BH
ACC JENDELA;HAK ANGIN;ALBION;"10"" SN";BH
ACC JENDELA;HAK ANGIN;OMGE;"SS-WKM 304 8"" US32D SQUARE";BH
ACC JENDELA;HAK ANGIN;OMGE;"SS-WKM 305 8"" US32D ROUND";BH
ACC JENDELA;HAK ANGIN;OMGE;"SS-WKM 305 6.5"" US32D ROUND";BH
ACC JENDELA;HAK ANGIN;OMGE;"SS-WKM 304 6.5"" US32D SQUARE";BH
ACC JENDELA;HAK ANGIN;OMGE;"WKM 305 10"" US32D RND";BH
ACC JENDELA;HAK ANGIN;MILANO;"WKL 501 12"" SN";BH
ACC JENDELA;HAK ANGIN;MILANO;"WKL 501 10"" AB";BH
ACC JENDELA;HAK ANGIN;MILANO;"WKL 501 10"" SN";BH
ACC JENDELA;HAK ANGIN;MILANO;"WKL 501 8"" AB";BH
ACC JENDELA;HAK ANGIN;MILANO;"SS WKL 308 8"" US32D (PSG)";BH
ACC JENDELA;HAK ANGIN;MILANO;"WKL 501 12"" AB";BH
ACC JENDELA;HAK ANGIN;BERTOLLI;"101 - 8"" GP";BH
ACC JENDELA;HAK ANGIN;BERTOLLI;"8"" SN";BH
ACC JENDELA;HAK ANGIN;OK;"JUMBO 8"" SN";BH
ACC JENDELA;HAK ANGIN;OK;"KOTAK 6"" SN";BH
ACC JENDELA;HAK ANGIN;OK;"KOTAK 8"" SN";BH
ACC JENDELA;HAK ANGIN;OK;"KOTAK 10"" SN";BH
ACC JENDELA;HAK ANGIN;OK;"BULAT 10"" GP";BH
ACC JENDELA;HAK ANGIN;OK;"BULAT 10"" SN";BH
ACC JENDELA;HAK ANGIN;OK;"8"" K 202 SS";BH
ACC JENDELA;HAK ANGIN;OK;JUMBO AB;BH
ACC JENDELA;HAK ANGIN;OK;"SEGI 6 8"" SN (B)";BH
ACC JENDELA;HAK ANGIN;OK;"BULAT 8"" SN (B)";BH
ACC JENDELA;HAK ANGIN;OK;"KOTAK 8"" SN (B)";BH
ACC JENDELA;HAK ANGIN;OK;"8"" K 600 SS";BH
ACC JENDELA;HAK ANGIN;DOLOMITE;HA 1124 - 8 SN (B);BH
ACC JENDELA;LAMSKAR;GERBER;JA 30211 SS;BH
ACC JENDELA;LAMSKAR;ALBION;"WS 86001 - 8"" SN";BH
ACC JENDELA;LAMSKAR;MAVERIK;PUTAR MW 102 SN;BH
ACC JENDELA;LAMSKAR;OK;LUBANG 1/2 BULAT SN;BH
ACC JENDELA;LAMSKAR;ELT;LS 100 GP;BH
ACC JENDELA;LAMSKAR;BRABUS;PUTAR SN;BH
ACC JENDELA;LAMSKAR;AMARIK;TARIK 818 SN;BH
ACC JENDELA;LAMSKAR;EVERBEST;3002 GP;BH
ACC JENDELA;LAMSKAR;KN;LUBANG;BH
ACC JENDELA;RAMBUNCIS;DEKKSON;ALUMINIUM LOCK 426 L YBIC;BH
ACC JENDELA;RAMBUNCIS;DEKKSON;ALUMINIUM CH 429 LOCK R/H WH;BH
ACC JENDELA;RAMBUNCIS;DEKKSON;ALUMINIUM CH 423 L/H YBIC;BH
ACC JENDELA;RAMBUNCIS;DEKKSON;ALUMINIUM CH 423 LHW;BH
ACC JENDELA;RAMBUNCIS;DEKKSON;ALUMINIUM CHW 4 L/H NA;BH
ACC JENDELA;RAMBUNCIS;DEKKSON;ALUMINIUM CH 400 NA;BH
ACC JENDELA;RAMBUNCIS;SES;WB 14 SS;BH
ACC JENDELA;RAMBUNCIS;SES;WB 13 SS;BH
ACC JENDELA;RAMBUNCIS;OMGE;"ALUMINIUM WFM 8281 ""L"" DBR";BH
ACC JENDELA;RAMBUNCIS;OMGE;"ALUMINIUM WFM 8281 ""L"" WHITE";BH
ACC JENDELA;RAMBUNCIS;OMGE;"ALUMINIUM WFM 8281 ""L"" SILVER";BH
ACC JENDELA;RAMBUNCIS;OMGE;"ALUMINIUM WFM 8281 ""R"" SILVER";BH
ACC JENDELA;RAMBUNCIS;OK;BULAT SN;BH
ACC JENDELA;RAMBUNCIS;OK;SN;BH
ACC JENDELA;RAMBUNCIS;OK;BESAR TIMBUL SN ZD 405;BH
ACC JENDELA;RAMBUNCIS;OK;Z OVAL AB;BH
ACC JENDELA;RAMBUNCIS;OK;Z OVAL AB + KOMBINASI;BH
ACC JENDELA;RAMBUNCIS;OK;ZD 405 SN;BH
ACC JENDELA;RAMBUNCIS;ALPHA;ALUMINIUM C8611 (L) BROWN;BH
ACC JENDELA;RAMBUNCIS;ALPHA;ALUMINIUM C8611 (L) BLACK;BH
ACC JENDELA;RAMBUNCIS;ALPHA;ALUMINIUM C8611 (R) SILVER;BH
ACC JENDELA;RAMBUNCIS;ALPHA;ALUMINIUM C8611 (L) SILVER;BH
ACC JENDELA;RAMBUNCIS;DHS;KUPING PUTIH;BH
ACC JENDELA;RAMBUNCIS;MAGNIFICO;SN;BH
ACC JENDELA;SPRINGKNIVE;ALINEA;AC;BH
ACC JENDELA;SPRINGKNIVE;CAVELL;AB;BH
ACC JENDELA;SPRINGKNIVE;GERBER;SS 900;BH
ACC JENDELA;SPRINGKNIVE;SES;GP;BH
ACC JENDELA;SPRINGKNIVE;OK;SN 603;BH
ACC JENDELA;SPRINGKNIVE;OK;SP 633 SN;BH
ACC JENDELA;SPRINGKNIVE;OK;SPPJ 655 AB;BH
ACC JENDELA;SPRINGKNIVE;DEA;PREMIUM SN;BH
ACC JENDELA;SPRINGKNIVE;DEA;JUMBO SN;BH
ACC JENDELA;SPRINGKNIVE;ARCHEL;GP;BH
ACC JENDELA;HANDLE JENDELA;MULLER;W 813 GP;BH
ACC JENDELA;HANDLE JENDELA;ALBION;LH 002 SN ;BH
ACC JENDELA;HANDLE JENDELA;ALBION;LH 018 SN;BH
ACC JENDELA;HANDLE JENDELA;ALBION;LH 019 GP;BH
ACC JENDELA;HANDLE JENDELA;ALBION;LH 019 SN;BH
ACC JENDELA;HANDLE JENDELA;ALBION;4338 GP;BH
ACC JENDELA;HANDLE JENDELA;ALBION;4339 AB;BH
ACC JENDELA;HANDLE JENDELA;ALBION;LH 016 S SN;BH
ACC JENDELA;WINDOW LOCK;ALBION;DL 623 SN;BH
ACC JENDELA;WINDOW LOCK;OMGE;WLM (014+263)-60 SN;BH
ACC JENDELA;WINDOW LOCK;OMGE;WLM 002-45 SN;BH
ACC JENDELA;ESPANYOLET;DEKKSON;EPL 640MM SSS;BH
ACC JENDELA;ESPANYOLET;DEKKSON;EPL 1000MM SSS;BH
ACC JENDELA;ESPANYOLET;DEKKSON;EPL 1600MM SSS;BH
ACC JENDELA;ESPANYOLET;OK;BULAT SN;BH
ACC JENDELA;ENGSEL SALON;GERBER;"YH 2155/9"" SS";PS
ACC MEBEL;TARIKAN;SES;110 - 120 SGP;BH
ACC MEBEL;TARIKAN;SES;110 - 150 LGP;BH
ACC MEBEL;TARIKAN;ALBION;Z 2266 96 SN CH;BH
ACC MEBEL;TARIKAN;ALBION;Z 2266 128 SN CH;BH
ACC MEBEL;TARIKAN;ALBION;Z 2266 160 SN CH;BH
ACC MEBEL;TARIKAN;STARCK;64 MM CC BLACK CTD;BH
ACC MEBEL;TARIKAN;STARCK;96 MM CC BLACK CTD;BH
ACC MEBEL;TARIKAN;STARCK;128 MM CC BLACK CTD;BH
ACC MEBEL;TARIKAN;STARCK;160 MM CC BLACK CTD;BH
ACC MEBEL;TARIKAN;STARCK;192 MM CC BLACK CTD;BH
ACC MEBEL;TARIKAN;STARCK;288 MM CC BLACK CTD;BH
ACC MEBEL;TARIKAN;STARCK;320 MM CC BLACK CTD;BH
ACC MEBEL;TARIKAN;STARCK;64 MM CC BLACK SQR;BH
ACC MEBEL;TARIKAN;STARCK;96 MM CC BLACK SQR;BH
ACC MEBEL;TARIKAN;STARCK;128 MM CC BLACK SQR;BH
ACC MEBEL;TARIKAN;STARCK;160 MM CC BLACK SQR;BH
ACC MEBEL;TARIKAN;STARCK;192 MM CC BLACK SQR;BH
ACC MEBEL;TARIKAN;STARCK;224 MM CC BLACK SQR;BH
ACC MEBEL;TARIKAN;MILANO;UPL 3106 H - 96 ;BH
ACC MEBEL;TARIKAN;MILANO;UPL 3106 H - 160;BH
ACC MEBEL;TARIKAN;MILANO;UPL 3106 H - 192;BH
ACC MEBEL;TARIKAN;MILANO;UPL 3106 H - 224;BH
ACC MEBEL;TARIKAN;MILANO;UPL 3106 H - 256 ;BH
ACC MEBEL;TARIKAN;MILANO;UPL 3106 H - 288;BH
ACC MEBEL;TARIKAN;MILANO;UPL 3106 H - 320;BH
ACC MEBEL;TARIKAN;MILANO;UPL 3106 H - 352;BH
ACC MEBEL;TARIKAN;MILANO;UPL 3106 H - 384;BH
ACC MEBEL;TARIKAN;MILANO;UPL 3106 H - 416;BH
ACC MEBEL;TARIKAN;MILANO;UPL 3106 H - 448;BH
ACC MEBEL;TARIKAN;MILANO;UPL 3106 H - 480 ;BH
ACC MEBEL;TARIKAN;MILANO;UPL 3106 H - 512;BH
ACC MEBEL;TARIKAN;OK;CHROME;BH
ACC MEBEL;TARIKAN;OK;15 CM SUS 304;BH
ACC MEBEL;TARIKAN;OK;KNOB JAMUR CHROME;BH
ACC MEBEL;TARIKAN;OK;GBY 02 11,5 CM;BH
ACC MEBEL;TARIKAN;OK;GBY 21 8,5 CM;BH
ACC MEBEL;TARIKAN;OK;GBY 41 7,5X7,5 CM;BH
ACC MEBEL;TARIKAN;OK;GBY 42 3X6 CM;BH
ACC MEBEL;TARIKAN;OK;GBY 027 ;BH
ACC MEBEL;TARIKAN;SILCA;178 M SN/ KECIL SILVER;BH
ACC MEBEL;TARIKAN;SILCA;178 CH (M)/ KECIL CHROME;BH
ACC MEBEL;TARIKAN;SILCA;178 CH (L)/ BESAR CHROME;BH
ACC MEBEL;TARIKAN;SILCA;PLAT BLACK;BH
ACC MEBEL;TARIKAN;SILCA;003 BLACK;BH
ACC MEBEL;TARIKAN;SILCA;005 BLACK;BH
ACC MEBEL;TARIKAN;SILCA;048 SN;BH
ACC MEBEL;TARIKAN;SILCA;048 BLACK;BH
ACC MEBEL;TARIKAN;SILCA;032 SN;BH
ACC MEBEL;TARIKAN;SILCA;032 BLACK;BH
ACC MEBEL;TARIKAN;HAMPTON;OVAL FH H603 10X20X105MM;BH
ACC MEBEL;TARIKAN;HAMPTON;OVAL FH H603 10X20X138MM;BH
ACC MEBEL;TARIKAN;HAMPTON;OVAL FH H603 10X20X202MM;BH
ACC MEBEL;TARIKAN;HAMPTON;OVAL FH H603 10X20X330MM;BH
ACC MEBEL;TARIKAN;AMARIK;172MM;BH
ACC MEBEL;TARIKAN;AMARIK;252MM;BH
ACC MEBEL;TARIKAN;AMARIK;302MM;BH
ACC MEBEL;TARIKAN;BELONI;Z 766 -DSN - 160;BH
ACC MEBEL;TARIKAN;BELONI;Z 768 -DSN - 128 SN;BH
ACC MEBEL;TARIKAN;BELONI;Z 768 -DSN - 160 SN;BH
ACC MEBEL;TARIKAN;BELONI;Z 768 -DSN - 256 SN;BH
ACC MEBEL;TARIKAN;ENOS;BULAT ULIR 19CM SN;BH
ACC MEBEL;TARIKAN;HUBEN;211 - 96 BN;BH
ACC MEBEL;TARIKAN;HUBEN;211 - 96 CHROME;BH
ACC MEBEL;TARIKAN;HUBEN;PIPA 3212 BN 304 - 224 MM;BH
ACC MEBEL;TARIKAN;HUBEN;PIPA 3212 BN 368 - 288 MM;BH
ACC MEBEL;TARIKAN;HUBEN;PIPA 3212 BN 400 - 320 MM;BH
ACC MEBEL;TARIKAN;HUBEN;PIPA 3212 BN 464 - 384 MM;BH
ACC MEBEL;TARIKAN;KNOB;619 AB;BH
ACC MEBEL;TARIKAN;KNOB;701 AB;BH
ACC MEBEL;TARIKAN;KNOB;703 AB;BH
ACC MEBEL;TARIKAN;KNOB;A1;BH
ACC MEBEL;TARIKAN;KNOB;A2;BH
ACC MEBEL;TARIKAN;KNOB;1367 (S);BH
ACC MEBEL;TARIKAN;KNOB;5026 (S);BH
ACC MEBEL;TARIKAN;KNOB;163 KUKU;BH
ACC MEBEL;TARIKAN;LIFE;KNOB M 637 KILAP;BH
ACC MEBEL;TARIKAN;LIFE;KNOB M 637 DOF;BH
ACC MEBEL;TARIKAN;LIFE;KNOB A 3106 L;BH
ACC MEBEL;TARIKAN;LIFE;KNOB 375 SN;BH
ACC MEBEL;TARIKAN;LIFE;3227 - 96 SN;BH
ACC MEBEL;TARIKAN;LIFE;3227 - 128 SN;BH
ACC MEBEL;TARIKAN;LIFE;202 - 96 SN;BH
ACC MEBEL;TARIKAN;LIFE;202 - 128 SN;BH
ACC MEBEL;TARIKAN;LIFE;J 8030 - 96;BH
ACC MEBEL;TARIKAN;LIFE;J 8030 - 224 SN;BH
ACC MEBEL;TARIKAN;LIFE;J 8030 - 288 SN;BH
ACC MEBEL;TARIKAN;LIFE;J 8030 - 320 SN;BH
ACC MEBEL;TARIKAN;LIFE;8051 - 64 BLACK;BH
ACC MEBEL;TARIKAN;LIFE;8051 - 96 BLACK;BH
ACC MEBEL;TARIKAN;LIFE;8051 - 128 BLACK;BH
ACC MEBEL;TARIKAN;LIFE;8051 - 160 BLACK;BH
ACC MEBEL;TARIKAN;LIFE;8051 - 192 BLACK;BH
ACC MEBEL;TARIKAN;LIFE;8051 - 64 WHITE;BH
ACC MEBEL;TARIKAN;LIFE;8051 - 96 WHITE;BH
ACC MEBEL;TARIKAN;LIFE;8051 - 128 WHITE;BH
ACC MEBEL;TARIKAN;LIFE;8051 - 160 WHITE;BH
ACC MEBEL;TARIKAN;LIFE;8051 - 192 WHITE;BH
ACC MEBEL;TARIKAN;LIFE;6626 - 64 SILVER;BH
ACC MEBEL;TARIKAN;LIFE;6626 - 96 SILVER;BH
ACC MEBEL;TARIKAN;LIFE;6626 - 128 SILVER;BH
ACC MEBEL;TARIKAN;LIFE;6626 - 160 SILVER;BH
ACC MEBEL;TARIKAN;TRUSTY;UPT 2118 H - 96;BH
ACC MEBEL;TARIKAN;TRUSTY;UPT 2118 H - 128;BH
ACC MEBEL;TARIKAN;TRUSTY;UPT 2118 H - 160;BH
ACC MEBEL;TARIKAN;TRUSTY;UPT 2118 H - 192;BH
ACC MEBEL;TARIKAN;TRUSTY;UPT 2118 H - 224;BH
ACC MEBEL;TARIKAN;TRUSTY;UPT 2118 H - 256;BH
ACC MEBEL;TARIKAN;TRUSTY;UPT 2118 H - 288;BH
ACC MEBEL;TARIKAN;TRUSTY;UPT 2118 H - 320;BH
ACC MEBEL;TARIKAN;TRUSTY;UPT 2118 H - 352;BH
ACC MEBEL;TARIKAN;TRUSTY;UPT 2118 H - 384;BH
ACC MEBEL;TARIKAN;TRUSTY;UPT 2118 H - 416;BH
ACC MEBEL;TARIKAN;TRUSTY;UPT 2118 H - 448;BH
ACC MEBEL;TARIKAN;TRUSTY;UPT 2118 H - 480;BH
ACC MEBEL;TARIKAN;TRUSTY;UPT 2118 H - 512;BH
ACC MEBEL;TARIKAN;TRUSTY;UPT 6470 GP;BH
ACC MEBEL;TARIKAN;TRUSTY;UPT 6470 SN;BH
ACC MEBEL;TARIKAN;TRUSTY;UPT 6470 AB;BH
ACC MEBEL;TARIKAN;TRUSTY;UPT 6622-128 SN;BH
ACC MEBEL;TARIKAN;TRUSTY;UPT 6480-64 SN;BH
ACC MEBEL;TARIKAN;TRUSTY;UPT 6480-96 SN;BH
ACC MEBEL;TARIKAN;YJ;20 / 10;BH
ACC MEBEL;TARIKAN;YJ;21,3;BH
ACC MEBEL;TARIKAN;ZELDA;C 96 SN;BH
ACC MEBEL;TARIKAN;OK;525 - 256;BH
ACC MEBEL;TARIKAN;OK;601 AB 128;BH
ACC MEBEL;TARIKAN;OK;618 AB 128;BH
ACC MEBEL;TARIKAN;OK;618 AB 160;BH
ACC MEBEL;TARIKAN;OK;619 AB 96;BH
ACC MEBEL;TARIKAN;OK;648 - 96;BH
ACC MEBEL;TARIKAN;OK;662 AB 128;BH
ACC MEBEL;TARIKAN;OK;662 AB 160;BH
ACC MEBEL;TARIKAN;OK;711 AB 96;BH
ACC MEBEL;TARIKAN;OK;711 AB 128;BH
ACC MEBEL;TARIKAN;OK;1998 - 64;BH
ACC MEBEL;TARIKAN;OK;1998 - 96 SN;BH
ACC MEBEL;TARIKAN;OK;1998 - 128;BH
ACC MEBEL;TARIKAN;OK;2319 - 96;BH
ACC MEBEL;TARIKAN;OK;2319 - 128;BH
ACC MEBEL;TARIKAN;OK;2319 - 160 SN;BH
ACC MEBEL;TARIKAN;LECCO;UPC 6707-96 ABB;BH
ACC MEBEL;TARIKAN;LECCO;UPL 6708-96 SN;BH
ACC MEBEL;TARIKAN;LECCO;UPL 6708-96 ABB;BH
ACC MEBEL;KUNCI MEBEL;DEKKSON;DL 138;BH
ACC MEBEL;KUNCI MEBEL;KOTAK;SS;BH
ACC MEBEL;KUNCI MEBEL;HUBEN;LACI SLIDING HL 202;BH
ACC MEBEL;KUNCI MEBEL;HUBEN;PUSH LOCK HL 105;BH
ACC MEBEL;KUNCI MEBEL;LECCO;LACI ULC 138 T 22 NP;BH
ACC MEBEL;KUNCI MEBEL;TRUZTY;ULT 103-20 NP FK;BH
ACC MEBEL;KUNCI MEBEL;TRUZTY;ULT 103-25 NP FK;BH
ACC MEBEL;KUNCI MEBEL;TRUZTY;ULT 103-30 NP FK;BH
ACC MEBEL;KUNCI MEBEL;TRUZTY;ULT 138-22 NP FK;BH
ACC MEBEL;KUNCI MEBEL;FERZA;GERGAJI;BH
CAMPUR MEBEL;ENGSEL;OK;KACA T86 S;BH
CAMPUR MEBEL;GRENDEL;OK;"2"" SN";BH
CAMPUR MEBEL;BRACKET PIPA;HUBEN;PT 19;BH
CAMPUR MEBEL;ENGSEL SENDOK;DEKKSON;HYD 304 ES SD 101 FULL OVERLAY PSS;PS
CAMPUR MEBEL;ENGSEL SENDOK;DEKKSON;HYD 304 ES SD 101 INSET PSS (TEKUK);PS
CAMPUR MEBEL;ENGSEL SENDOK;HUBEN;BESI HT 8 - 1/2 TEKUK;PS
CAMPUR MEBEL;ENGSEL SENDOK;FERZA;HYD TEKUK SLOW MOTION;PS
CAMPUR MEBEL;ENGSEL SENDOK;FERZA;HYD LURUS SLOW MOTION;PS
CAMPUR MEBEL;ENGSEL SENDOK;OK;KECIL E 1007;PS
CAMPUR MEBEL;ENGSEL SENDOK;FERRARY;180;PS
CAMPUR MEBEL;ENGSEL SENDOK;LAMA;LURUS;PS
CAMPUR MEBEL;HAMBALAN;HUBEN;BESI RH 13;BH
CAMPUR MEBEL;HAMBALAN;OK;AK 03;BH
CAMPUR MEBEL;HAMBALAN;OK;AK 06;BH
CAMPUR MEBEL;HAMBALAN;OK;KACA OK - 9;BH
CAMPUR MEBEL;JEPIT UDANG;ALBION;CHR;BH
CAMPUR MEBEL;JEPIT UDANG;TRUZTY;UMT 182 CH;BH
CAMPUR MEBEL;JEPIT UDANG;GDO;AC;BH
CAMPUR MEBEL;JEPIT UDANG;GDO;CHR;BH
CAMPUR MEBEL;KECES;ALBION;OTM BSR;BH
CAMPUR MEBEL;KECES;MILANO;UML 570-70 SN;BH
CAMPUR MEBEL;KECES;OK;70MM CHR;BH
CAMPUR MEBEL;KECES;OK;KUNINGAN S;BH
CAMPUR MEBEL;KECES;OK;KUNINGAN M;BH
CAMPUR MEBEL;MAGNIT;OK;SINGLE + PUSH BLACK;BH
CAMPUR MEBEL;MAGNIT;TRUZTY;UMT 286L WH;BH
CAMPUR MEBEL;MAGNIT;TRUZTY;UMT 286L BR;BH
CAMPUR MEBEL;MAGNIT;TRUZTY;UMT 286S BR;BH
CAMPUR MEBEL;MAGNIT;MEIYI;SINGLE PUTIH;BH
CAMPUR MEBEL;MAGNIT;MEIYI;DOUBLE PUTIH;BH
CAMPUR MEBEL;MAGNIT;MEIYI;DOUBLE COKLAT;BH
CAMPUR MEBEL;REL LACI;HUBEN;BS 08 A 350 MM;BH
CAMPUR MEBEL;REL LACI;HUBEN;BS 08 A 400 MM;BH
CAMPUR MEBEL;REL LACI;HUBEN;BS 08 A 450 MM;BH
CAMPUR MEBEL;RING TUNDAN;OK;RH 21;BH
CAMPUR MEBEL;TRAPEZ;OK;MAGNIT PUTIH;BH
CAMPUR MEBEL;TRAPEZ;OK;MAGNIT COKLAT;BH
CAMPUR MEBEL;GLASS HOLDER;LECCO;UDC 301 S 25X30 US32;BH
CAMPUR MEBEL;GLASS HOLDER;LECCO;UDC 301 S 25X60 US32;BH
CAMPUR MEBEL;GLASS HOLDER;LECCO;UDC 301 S 25X80 US32;BH
CAMPUR MEBEL;GLASS HOLDER;LECCO;UDC 901 H 25X30 US32D;BH
CAMPUR MEBEL;GLASS HOLDER;LECCO;UDC 901 H 25X40 US32D;BH
CAMPUR MEBEL;GLASS HOLDER;LECCO;UDC 901 H 25X60 US32D;BH
CAMPUR MEBEL;GLASS HOLDER;LECCO;UDC 901 H 25X80 US32D;BH
CAMPUR MEBEL;GAS SPRING;LECCO;UTL 100 N (NYLON);BH
CAMPUR MEBEL;GAS SPRING;LECCO;UTL 100 N (STEEL);BH
CAMPUR MEBEL;ROLLER;HAMPTON;"RC RUB 75-3"" NO-BRAKE";BH
CAMPUR MEBEL;ROLLER;HAMPTON;"RC RUB 75-3"" BRAKE";BH
CAMPUR MEBEL;ROLLER;HAMPTON;"RC 50 2""BALL";BH
CAMPUR SANITAIR;KRAN TAMAN;BEAUFORT;8131 100 MINI;BH
CAMPUR SANITAIR;KRAN TAMAN;BEAUFORT;8131 140 ;BH
CAMPUR SANITAIR;KRAN TAMAN;LIVANO;BULAT BIRU DB T3044 ;BH
CAMPUR SANITAIR;KRAN TEMBOK;BEAUFORT;8120 110;BH
CAMPUR SANITAIR;KRAN TEMBOK;BEAUFORT;304 110 SS;BH
CAMPUR SANITAIR;KRAN TEMBOK;LIVANO;ENGKOL BODY PNJG P006;BH
CAMPUR SANITAIR;KRAN TEMBOK;LIVANO;LONG TS 130 SS;BH
CAMPUR SANITAIR;KRAN WASTAFEL;SOLIGEN;KX 82206;BH
CAMPUR SANITAIR;KRAN WASTAFEL;SOLIGEN;KX 82205;BH
CAMPUR SANITAIR;KRAN WASTAFEL;OK;JUMBO UP DOWN 198;BH
CAMPUR SANITAIR;KRAN WASTAFEL;LIVANO;STAINLESS TINGGI DB 1833;BH
CAMPUR SANITAIR;KRAN WASTAFEL;BEUFORT;8131 300;BH
CAMPUR SANITAIR;KRAN BATHUP;SOLIGEN;210;BH
CAMPUR SANITAIR;KRAN BATHUP;BRACHIO;18001;BH
CAMPUR SANITAIR;KRAN SHOWER;SOLIGEN;TANAM 7025;BH
CAMPUR SANITAIR;KRAN ANGSA;SOLIGEN;SS505;BH
CAMPUR SANITAIR;KRAN ANGSA;BEAUFORT;8131 500;BH
CAMPUR SANITAIR;KRAN ANGSA;BEAUFORT;8131 530;BH
CAMPUR SANITAIR;KRAN ANGSA;BEAUFORT;8131 550;BH
CAMPUR SANITAIR;KRAN ANGSA;LIVANO;SINK TEMBOK PIPA STAINLESS 304-16 ;BH
CAMPUR SANITAIR;KRAN ANGSA;LIVANO;SINK MEJA PIPA K007IX ;BH
CAMPUR SANITAIR;KRAN ANGSA;LIVANO;SINK MEJA STAINLESS FLEXIBLE 304-17;BH
CAMPUR SANITAIR;KRAN ANGSA;LIVANO;SINK MEJA FLEXIBLE ENGKEL 4500 ;BH
CAMPUR SANITAIR;KRAN CABANG;SOLIGEN;615;BH
CAMPUR SANITAIR;KRAN CABANG;SOLIGEN;505;BH
CAMPUR SANITAIR;KRAN CABANG;OK;6020;BH
CAMPUR SANITAIR;KRAN CABANG;LIVANO;STAINLESS 304-25;BH
CAMPUR SANITAIR;STOP KRAN;BEAUFORT;8131 170;BH
CAMPUR SANITAIR;STOP KRAN;BEAUFORT;304 170 SS;BH
CAMPUR SANITAIR;STOP KRAN;LIVANO;TANAM PANAS DINGIN LIVANO 306;BH
CAMPUR SANITAIR;STOP KRAN TEE;LIVANO;STAINLESS 523;BH
CAMPUR SANITAIR;RAK SUDUT;BEAUFORT;MN 363 PP (PANJANG);BH
CAMPUR SANITAIR;RAK SUDUT;BEAUFORT;MN 359 PP;BH
CAMPUR SANITAIR;RAK HOLDER;BEAUFORT;SQ 5247 (PANJANG);BH
CAMPUR SANITAIR;FLEXIBEL SHOWER;BEAUFORT;CHO 8051150 (1.5M);BH
CAMPUR SANITAIR;FLEXIBEL SHOWER;BEAUFORT;CHO 8082150 (1.5M);BH
CAMPUR SANITAIR;FLEXIBEL ANYAM;BEAUFORT;SYT 306/400MM;BH
CAMPUR SANITAIR;FLEXIBEL ANYAM;BEAUFORT;SYT 252/400MM;BH
CAMPUR SANITAIR;FLEXIBEL ANYAM;BEAUFORT;SYT 463/400MM;BH
CAMPUR SANITAIR;SARINGAN GOT;BEAUFORT;SGK 311 KUNINGAN;BH
CAMPUR SANITAIR;SARINGAN GOT;BEAUFORT;SGK 1 912 SS;BH
CAMPUR SANITAIR;SARINGAN GOT;LIVANO;E0271010 SS;BH
CAMPUR SANITAIR;SHOWER BIDET;BEAUFORT;CHO 9325 218;BH
CAMPUR SANITAIR;KAPSTOK;ALBION;006 SS;BH
CAMPUR SANITAIR;KAPSTOK;STARCK;4 KAIT STA SS 304;BH
CAMPUR SANITAIR;KAPSTOK;STARCK;6 KAIT STA SS 304;BH
CAMPUR SANITAIR;KAPSTOK;BEAUFORT;4 KAIT BJ 009 04;BH
CAMPUR SANITAIR;KAPSTOK;BEAUFORT;5 KAIT BJ 001 05;BH
CAMPUR SANITAIR;RAK HANDUK;BEAUFORT;LIPAT YH050 600;BH
CAMPUR SANITAIR;HAND SHOWER;SOLIGEN;150;BH
CAMPUR SANITAIR;HAND SHOWER;SOLIGEN;173;BH
CAMPUR SANITAIR;HAND SHOWER;LIVANO;KOTAK NO17;BH
CAMPUR SANITAIR;HAND SHOWER;XANA;HEALTHY SPA;BH
CAMPUR SANITAIR;SARINGAN TALANG;OK;"3""";BH
CAMPUR SANITAIR;SARINGAN TALANG;OK;"4""";BH
CAMPUR SANITAIR;TEMPAT SABUN;SOLIGEN;CAIR SINGLE;BH
CAMPUR SANITAIR;SIFON;SOLIGEN;ANGSA ;BH
CAMPUR SANITAIR;SHOWER TIANG;OK;DB 926/DB 1108;BH
CAMPUR SANITAIR;SHOWER TEMBOK;SOLIGEN;173;BH
CAMPUR SANITAIR;SHOWER TEMBOK;LIVANO;"BULAT 8"" DB 1108";BH
CAMPUR SANITAIR;SHOWER TEMBOK;LIVANO;"KOTAK 8"" STAINLESS DB1107";BH
CAMPUR SANITAIR;CLEAN OUT;OK;"3""";BH
CAMPUR SANITAIR;CLEAN OUT;OK;"4""";BH
CAMPUR SANITAIR;JET SHOWER;SOLIGEN;A237-1 CHROME;BH
KOMPONEN;W600;WINA;REL ATAS UK: 2,9 M;BH
KOMPONEN;W600;WINA;REL ATAS UK: 2,3 M;BH
KOMPONEN;W600;WINA;REL ATAS UK: 1,45 M;BH
KOMPONEN;W600;WINA;REL BAWAH UK: 3 M;BH
KOMPONEN;W600;WINA;REL BAWAH UK: 2,4 M;BH
KOMPONEN;W600;WINA;REL BAWAH UK: 1,5 M;BH
KOMPONEN;W600;WINA;REL BAWAH UK: 1,2 M;BH
KOMPONEN;W600;WINA;"REL TIKUNG ""R"" 60/SET";BH
KOMPONEN;W600;WINA;"RODA ATAS TENGAH ""RD""4""L""";BH
KOMPONEN;W600;WINA;"RODA ATAS TENGAH ""RD""4";BH
KOMPONEN;W600;WINA;"RODA ATAS TENGAH ""L""";BH
KOMPONEN;W600;WINA;RODA ATAS TENGAH ;BH
KOMPONEN;W600;WINA;RODA BAWAH TENGAH;BH
KOMPONEN;W600;WINA;ENGSEL TENGAH;BH
KOMPONEN;W600;WINA;"RODA ATAS LIPAT TENGAH ""RD""4";BH
KOMPONEN;W600;WINA;"RODA ATAS LIPAT TENGAH ""RD""2";BH
KOMPONEN;W600;WINA;RODA BAWAH LIPAT TENGAH;BH
KOMPONEN;W600;WINA;"RODA ATAS PINGGIR ""L""";BH
KOMPONEN;W600;WINA;RODA ATAS PINGGIR ;BH
KOMPONEN;W600;WINA;RODA BAWAH PINGGIR ;BH
KOMPONEN;W600;WINA;"RODA ATAS LIPAT PINGGIR ""RD""4";BH
KOMPONEN;W600;WINA;"RODA ATAS LIPAT PINGGIR ""RD""2";BH
KOMPONEN;W600;WINA;RODA BAWAH LIPAT PINGGIR;BH
KOMPONEN;W600;WINA;ENGSEL KUPU-KUPU;BH
KOMPONEN;W600;WINA;BRECKET SAMPING;BH
KOMPONEN;W600;WINA;BRECKET SAMBUNG;BH
KOMPONEN;W600;WINA;BRECKET GANTUNG;BH
KOMPONEN;W600;WINA;STOPPER + TUTUP;BH
KOMPONEN;W600;WINA;HANDLE NCB/MINIMALIS;BH
KOMPONEN;W600;WINA;HANDLE PC;BH
KOMPONEN;W600;WINA;HANDLE ASBAK;BH
KOMPONEN;W600;WINA;GRENDEL TANAM BERODA;BH
KOMPONEN;W600;WINA;GRENDEL TANAM BIASA;BH
KOMPONEN;W600;WINA;GRENDEL TANAM UK: 75 CM;BH
KOMPONEN;W600;WINA;GRENDEL TANAM UK: 100 CM;BH
KOMPONEN;W600;WINA;BAUT BRECKET;BH
KOMPONEN;W300;WINA;REL ATAS UK: 2,9 M;BH
KOMPONEN;W300;WINA;REL ATAS UK: 2,3 M;BH
KOMPONEN;W300;WINA;REL ATAS UK: 1,45 M;BH
KOMPONEN;W300;WINA;"REL TIKUNG ""R"" 30/SET";BH
KOMPONEN;W300;WINA;"RODA ATAS TENGAH ""RD""4""L""";BH
KOMPONEN;W300;WINA;"RODA ATAS TENGAH ""RD""4";BH
KOMPONEN;W300;WINA;"RODA ATAS TENGAH ""L""";BH
KOMPONEN;W300;WINA;RODA ATAS TENGAH ;BH
KOMPONEN;W300;WINA;RODA BAWAH TENGAH;BH
KOMPONEN;W300;WINA;ENGSEL TENGAH;BH
KOMPONEN;W300;WINA;"RODA ATAS LIPAT TENGAH ""RD""4";BH
KOMPONEN;W300;WINA;"RODA ATAS LIPAT TENGAH ""RD""2";BH
KOMPONEN;W300;WINA;RODA BAWAH LIPAT TENGAH;BH
KOMPONEN;W300;WINA;"RODA ATAS PINGGIR ""L""";BH
KOMPONEN;W300;WINA;RODA ATAS PINGGIR ;BH
KOMPONEN;W300;WINA;RODA BAWAH PINGGIR ;BH
KOMPONEN;W300;WINA;"RODA ATAS LIPAT PINGGIR ""RD""4";BH
KOMPONEN;W300;WINA;"RODA ATAS LIPAT PINGGIR ""RD""2";BH
KOMPONEN;W300;WINA;RODA BAWAH LIPAT PINGGIR;BH
KOMPONEN;W300;WINA;BRECKET SAMPING;BH
KOMPONEN;W300;WINA;BRECKET GANTUNG;BH
KOMPONEN;W300;WINA;STOPPER SLIDING;BH
KOMPONEN;W300;WINA;GRENDEL TANAM BERODA;BH
KOMPONEN;W300;WINA;GRENDEL TANAM BIASA;BH
KOMPONEN;W300;WINA;GRENDEL TANAM UK: 75 CM;BH
KOMPONEN;W300;WINA;GRENDEL TANAM UK: 100 CM;BH
KOMPONEN;S-50;SS;REL ATAS UK: 2,9 M;BH
KOMPONEN;S-50;SS;REL ATAS UK: 2,3 M;BH
KOMPONEN;S-50;SS;REL ATAS UK: 1,45 M;BH
KOMPONEN;S-50;SS;REL BAWAH UK: 3 M;BH
KOMPONEN;S-50;SS;REL BAWAH UK: 2,4 M;BH
KOMPONEN;S-50;SS;REL BAWAH UK: 1,5 M;BH
KOMPONEN;S-50;SS;REL BAWAH UK: 1,2 M;BH
KOMPONEN;S-50;SS;"REL TIKUNG ""R"" 60/SET";BH
KOMPONEN;S-50;SS;"RODA ATAS TENGAH ""RD""4";BH
KOMPONEN;S-50;SS;"RODA ATAS TENGAH ""L""";BH
KOMPONEN;S-50;SS;RODA ATAS TENGAH ;BH
KOMPONEN;S-50;SS;RODA BAWAH TENGAH;BH
KOMPONEN;S-50;SS;ENGSEL TENGAH;BH
KOMPONEN;S-50;SS;"RODA ATAS LIPAT TENGAH ""RD""4";BH
KOMPONEN;S-50;SS;"RODA ATAS LIPAT TENGAH ""RD""2";BH
KOMPONEN;S-50;SS;RODA BAWAH LIPAT TENGAH;BH
KOMPONEN;S-50;SS;"RODA ATAS PINGGIR ""L""";BH
KOMPONEN;S-50;SS;RODA ATAS PINGGIR ;BH
KOMPONEN;S-50;SS;RODA BAWAH PINGGIR ;BH
KOMPONEN;S-50;SS;"RODA ATAS LIPAT PINGGIR ""RD""4";BH
KOMPONEN;S-50;SS;"RODA ATAS LIPAT PINGGIR ""RD""2";BH
KOMPONEN;S-50;SS;RODA BAWAH LIPAT PINGGIR;BH
KOMPONEN;S-50;SS;BRECKET SAMPING;BH
KOMPONEN;S-50;SS;BRECKET SAMBUNG;BH
KOMPONEN;S-50;SS;BRECKET GANTUNG;BH
KOMPONEN;S-50;SS;STOPPER + TUTUP;BH
KOMPONEN;S-50;SS;HANDLE PC;BH
KOMPONEN;S-50;SS;HANDLE ASBAK;BH
KOMPONEN;S-50;SS;GRENDEL TANAM BERODA;BH
KOMPONEN;S-50;SS;GRENDEL TANAM BIASA;BH
KOMPONEN;S-50;SS;GRENDEL TANAM UK: 75 CM;BH
KOMPONEN;S-50;SS;GRENDEL TANAM UK: 100 CM;BH
KOMPONEN;S-30;SS;REL ATAS UK: 2,9 M;BH
KOMPONEN;S-30;SS;REL ATAS UK: 2,3 M;BH
KOMPONEN;S-30;SS;REL ATAS UK: 1,45 M;BH
KOMPONEN;S-30;SS;"REL TIKUNG ""R"" 30/SET";BH
KOMPONEN;S-30;SS;"RODA ATAS TENGAH ""RD""4";BH
KOMPONEN;S-30;SS;"RODA ATAS TENGAH ""L""";BH
KOMPONEN;S-30;SS;RODA ATAS TENGAH ;BH
KOMPONEN;S-30;SS;RODA BAWAH TENGAH;BH
KOMPONEN;S-30;SS;ENGSEL TENGAH;BH
KOMPONEN;S-30;SS;"RODA ATAS LIPAT TENGAH ""RD""4";BH
KOMPONEN;S-30;SS;"RODA ATAS LIPAT TENGAH ""RD""2";BH
KOMPONEN;S-30;SS;RODA BAWAH LIPAT TENGAH;BH
KOMPONEN;S-30;SS;"RODA ATAS PINGGIR ""L""";BH
KOMPONEN;S-30;SS;RODA ATAS PINGGIR ;BH
KOMPONEN;S-30;SS;RODA BAWAH PINGGIR ;BH
KOMPONEN;S-30;SS;"RODA ATAS LIPAT PINGGIR ""RD""4";BH
KOMPONEN;S-30;SS;"RODA ATAS LIPAT PINGGIR ""RD""2";BH
KOMPONEN;S-30;SS;RODA BAWAH LIPAT PINGGIR;BH
KOMPONEN;S-30;SS;BRECKET SAMPING;BH
KOMPONEN;S-30;SS;BRECKET GANTUNG;BH
KOMPONEN;S-30;SS;STOPPER SLIDING;BH
PINTU;ALUMINIUM PVC;ALUMIX;kaca 1/2 WH KN;SET
PINTU;ALUMINIUM PVC;ALUMIX;kaca 1/2 WH KR;SET
PINTU;ALUMINIUM PVC;ALUMIX;2 panel WH KN;SET
PINTU;ALUMINIUM PVC;ALUMIX;2 panel WH KR;SET
PINTU;ALUMINIUM PVC;ALUMIX;3 panel WH KN;SET
PINTU;ALUMINIUM PVC;ALUMIX;3 panel WH KR;SET
PINTU;ALUMINIUM PVC;ALUMIX;kaca 1/01 WH KN;SET
PINTU;ALUMINIUM PVC;ALUMIX;kaca 1/01 WH KR;SET
PINTU;ALUMINIUM PVC;ALUMIX;kaca 1/02 WH KN;SET
PINTU;ALUMINIUM PVC;ALUMIX;kaca 1/02 WH KR;SET
PINTU;ALUMINIUM PVC;ALUMIX;kaca 2/01 WH KN;SET
PINTU;ALUMINIUM PVC;ALUMIX;kaca 2/01 WH KR;SET
PINTU;ALUMINIUM PVC;ALUMIX;kaca 2/02 WH KN;SET
PINTU;ALUMINIUM PVC;ALUMIX;kaca 2/02 WH KR;SET
PINTU;ALUMINIUM PVC;ALUMIX;kaca 3/01 WH KN;SET
PINTU;ALUMINIUM PVC;ALUMIX;kaca 3/01 WH KR;SET
PINTU;ALUMINIUM PVC;ALUMIX;kaca 3/02 WH KN;SET
PINTU;ALUMINIUM PVC;ALUMIX;kaca 3/02 WH KR;SET
PINTU;ALUMINIUM PVC;ALUMIX;kaca 1/2 BR KN;SET
PINTU;ALUMINIUM PVC;ALUMIX;kaca 1/2 BR KR;SET
PINTU;ALUMINIUM PVC;ALUMIX;2 panel BR KN;SET
PINTU;ALUMINIUM PVC;ALUMIX;2 panel BR KR;SET
PINTU;ALUMINIUM PVC;ALUMIX;3 panel BR KN;SET
PINTU;ALUMINIUM PVC;ALUMIX;3 panel BR KR;SET
PINTU;ALUMINIUM PVC;ALUMIX;6 panel WH KN;SET
PINTU;ALUMINIUM PVC;ALUMIX;6 panel WH KR;SET
PINTU;ALUMINIUM PVC;ALUMIX;6 panel BR KN;SET
PINTU;ALUMINIUM PVC;ALUMIX;6 panel BR KR;SET
PINTU;ALUMINIUM PVC;ALUMIX;4 panel+kaca 2 WH KN;SET
PINTU;ALUMINIUM PVC;ALUMIX;4 panel+kaca 2 WH KR;SET
PINTU;ALUMINIUM PVC;ALUMIX;4 panel+kaca 2 BR KN;SET
PINTU;ALUMINIUM PVC;ALUMIX;4 panel+kaca 2 BR KR;SET
PINTU;ALUMINIUM PVC;ALUMIX;kaca 1/01 BR KN;SET
PINTU;ALUMINIUM PVC;ALUMIX;kaca 1/01 BR KR;SET
PINTU;ALUMINIUM PVC;ALUMIX;kaca 1/02 BR KN;SET
PINTU;ALUMINIUM PVC;ALUMIX;kaca 1/02 BR KR;SET
PINTU;ALUMINIUM PVC;ALUMIX;kaca 2/01 BR KN;SET
PINTU;ALUMINIUM PVC;ALUMIX;kaca 2/01 BR KR;SET
PINTU;ALUMINIUM PVC;ALUMIX;kaca 2/02 BR KN;SET
PINTU;ALUMINIUM PVC;ALUMIX;kaca 2/02 BR KR;SET
PINTU;ALUMINIUM PVC;ALUMIX;kaca 3/01 BR KN;SET
PINTU;ALUMINIUM PVC;ALUMIX;kaca 3/01 BR KR;SET
PINTU;ALUMINIUM PVC;ALUMIX;kaca 3/02 BR KN;SET
PINTU;ALUMINIUM PVC;ALUMIX;kaca 3/02 BR KR;SET
PINTU;HDF SKIN;WOOD ONE;VENICE;BH
PINTU;HDF SKIN;WOOD ONE;COMO;BH
PINTU;HDF SKIN;WOOD ONE;MILANO;BH
PINTU;HDF SKIN;WOOD ONE;GENOA;BH
PINTU;HDF SKIN;WOOD ONE;RAVENA;BH
PINTU;HDF SKIN;WOOD ONE;ROMA;BH
PINTU;HDF SKIN;WOOD ONE;MODENA;BH
PINTU;HDF SKIN;WOOD ONE;TRENTO;BH
PINTU;INDONESIAN;WOOD ONE;UBUD;BH
PINTU;INDONESIAN;WOOD ONE;SANUR;BH
PINTU;NYATOH;WOOD ONE;MALAGA;BH
PINTU;NYATOH;WOOD ONE;VALENCIA;BH
PINTU;NYATOH;WOOD ONE;VALENCIA - KM;BH
PINTU;DUCO WHITE;WOOD ONE;OSLO ;BH
PINTU;DUCO WHITE;WOOD ONE;LIVERPOOL;BH
PINTU;DUCO WHITE;WOOD ONE;LIVERPOOL - KM;BH
PINTU;WHITE OAK;WOOD ONE;WESTWOOD;BH
PINTU;WHITE OAK;WOOD ONE;BOSTON;BH
PINTU;DOOR FRAME;WOOD ONE;KNSB 100-720/820;BH
PINTU;DOOR FRAME;WOOD ONE;KDPW 100-720/820;BH
PINTU;DOOR FRAME;WOOD ONE;KORS 100-720/820;BH
PINTU;DOOR FRAME;WOOD ONE;KNSB 130-720/820;BH
PINTU;DOOR FRAME;WOOD ONE;KDPW 130-720/820;BH
PINTU;DOOR FRAME;WOOD ONE;KORS 130-720/820;BH
PINTU;ARCHITRAVE;WOOD ONE;ANSB 30-720/820;BH
PINTU;ARCHITRAVE;WOOD ONE;ADPW 30-720/820;BH
PINTU;ARCHITRAVE;WOOD ONE;AORS 30-720/820;BH
