2,HANDLE
2,HANDLE
2,HANDLE
2,HANDLE
2,HANDLE
2,HANDLE
2,HANDLE
2,HANDLE
2,HANDLE
2,HANDLE
2,HANDLE
2,HANDLE
2,HANDLE
2,HANDLE
2,HANDLE
2,HANDLE
2,HANDLE
2,HANDLE
2,HANDLE
2,HANDLE
2,HANDLE
2,HANDLE
2,HANDLE
2,HANDLE
2,HANDLE
2,HANDLE
2,HANDLE
2,HANDLE
2,HANDLE
2,HANDLE
2,HANDLE
2,HANDLE
2,HANDLE
2,HANDLE
2,HANDLE
2,HANDLE
2,HANDLE
2,HANDLE
2,HANDLE
2,HANDLE
2,HANDLE
2,HANDLE
2,HANDLE
2,HANDLE
2,HANDLE
2,HANDLE
2,HANDLE
2,HANDLE
2,HANDLE
2,HANDLE
2,HANDLE
2,HANDLE
2,HANDLE
2,HANDLE
2,HANDLE
2,HANDLE
2,HANDLE
2,HANDLE
2,HANDLE
2,HANDLE
2,HANDLE
2,HANDLE
2,HANDLE
2,HANDLE
2,HANDLE
2,HANDLE
2,HANDLE
3,HANDLE ROSE
3,HANDLE ROSE
3,HANDLE ROSE
3,HANDLE ROSE
3,HANDLE ROSE
3,HANDLE ROSE
3,HANDLE ROSE
3,HANDLE ROSE
3,HANDLE ROSE
3,HANDLE ROSE
3,HANDLE ROSE
3,HANDLE ROSE
3,HANDLE ROSE
3,HANDLE ROSE
3,HANDLE ROSE
3,HANDLE ROSE
3,HANDLE ROSE
3,HANDLE ROSE
3,HANDLE ROSE
3,HANDLE ROSE
3,HANDLE ROSE
3,HANDLE ROSE
3,HANDLE ROSE
3,HANDLE ROSE
3,HANDLE ROSE
3,HANDLE ROSE
3,HANDLE ROSE
3,HANDLE ROSE
3,HANDLE ROSE
3,HANDLE ROSE
3,HANDLE ROSE
3,HANDLE ROSE
3,HANDLE ROSE
3,HANDLE ROSE
3,HANDLE ROSE
3,HANDLE ROSE
3,HANDLE ROSE
3,HANDLE ROSE
3,HANDLE ROSE
3,HANDLE ROSE
3,HANDLE ROSE
3,HANDLE ROSE
3,HANDLE ROSE
3,HANDLE ROSE
3,HANDLE ROSE
3,HANDLE ROSE
3,HANDLE ROSE
3,HANDLE ROSE
3,HANDLE ROSE
3,HANDLE ROSE
3,HANDLE ROSE
3,HANDLE ROSE
3,HANDLE ROSE
3,HANDLE ROSE
3,HANDLE ROSE
3,HANDLE ROSE
3,HANDLE ROSE
3,HANDLE ROSE
3,HANDLE ROSE
3,HANDLE ROSE
3,HANDLE ROSE
3,HANDLE ROSE
3,HANDLE ROSE
3,HANDLE ROSE
3,HANDLE ROSE
3,HANDLE ROSE
3,HANDLE ROSE
3,HANDLE ROSE
3,HANDLE ROSE
3,HANDLE ROSE
3,HANDLE ROSE
3,HANDLE ROSE
3,HANDLE ROSE
3,HANDLE ROSE
3,HANDLE ROSE
3,HANDLE ROSE
3,HANDLE ROSE
3,HANDLE ROSE
3,HANDLE ROSE
3,HANDLE ROSE
3,HANDLE ROSE
3,HANDLE ROSE
3,HANDLE ROSE
3,HANDLE ROSE
3,HANDLE ROSE
3,HANDLE ROSE
3,HANDLE ROSE
3,HANDLE ROSE
3,HANDLE ROSE
3,HANDLE ROSE
3,HANDLE ROSE
3,HANDLE ROSE
3,HANDLE ROSE
3,HANDLE ROSE
3,HANDLE ROSE
3,HANDLE ROSE
3,HANDLE ROSE
3,HANDLE ROSE
3,HANDLE ROSE
3,HANDLE ROSE
4,PULL HANDLE
4,PULL HANDLE
4,PULL HANDLE
4,PULL HANDLE
4,PULL HANDLE
4,PULL HANDLE
4,PULL HANDLE
4,PULL HANDLE
4,PULL HANDLE
4,PULL HANDLE
4,PULL HANDLE
4,PULL HANDLE
4,PULL HANDLE
4,PULL HANDLE
4,PULL HANDLE
4,PULL HANDLE
4,PULL HANDLE
4,PULL HANDLE
4,PULL HANDLE
4,PULL HANDLE
4,PULL HANDLE
4,PULL HANDLE
4,PULL HANDLE
4,PULL HANDLE
4,PULL HANDLE
4,PULL HANDLE
4,PULL HANDLE
4,PULL HANDLE
4,PULL HANDLE
4,PULL HANDLE
4,PULL HANDLE
4,PULL HANDLE
4,PULL HANDLE
4,PULL HANDLE
4,PULL HANDLE
4,PULL HANDLE
4,PULL HANDLE
4,PULL HANDLE
4,PULL HANDLE
4,PULL HANDLE
4,PULL HANDLE
4,PULL HANDLE
4,PULL HANDLE
4,PULL HANDLE
4,PULL HANDLE
4,PULL HANDLE
4,PULL HANDLE
4,PULL HANDLE
4,PULL HANDLE
4,PULL HANDLE
4,PULL HANDLE
4,PULL HANDLE
4,PULL HANDLE
4,PULL HANDLE
4,PULL HANDLE
4,PULL HANDLE
4,PULL HANDLE
4,PULL HANDLE
4,PULL HANDLE
4,PULL HANDLE
4,PULL HANDLE
4,PULL HANDLE
4,PULL HANDLE
4,PULL HANDLE
4,PULL HANDLE
4,PULL HANDLE
4,PULL HANDLE
4,PULL HANDLE
4,PULL HANDLE
4,PULL HANDLE
4,PULL HANDLE
4,PULL HANDLE
4,PULL HANDLE
4,PULL HANDLE
4,PULL HANDLE
4,PULL HANDLE
4,PULL HANDLE
4,PULL HANDLE
4,PULL HANDLE
4,PULL HANDLE
4,PULL HANDLE
4,PULL HANDLE
4,PULL HANDLE
4,PULL HANDLE
4,PULL HANDLE
4,PULL HANDLE
4,PULL HANDLE
4,PULL HANDLE
4,PULL HANDLE
4,PULL HANDLE
4,PULL HANDLE
4,PULL HANDLE
4,PULL HANDLE
4,PULL HANDLE
4,PULL HANDLE
4,PULL HANDLE
4,PULL HANDLE
4,PULL HANDLE
4,PULL HANDLE
4,PULL HANDLE
4,PULL HANDLE
4,PULL HANDLE
4,PULL HANDLE
4,PULL HANDLE
4,PULL HANDLE
4,PULL HANDLE
4,PULL HANDLE
4,PULL HANDLE
4,PULL HANDLE
4,PULL HANDLE
4,PULL HANDLE
4,PULL HANDLE
4,PULL HANDLE
4,PULL HANDLE
4,PULL HANDLE
4,PULL HANDLE
4,PULL HANDLE
4,PULL HANDLE
4,PULL HANDLE
4,PULL HANDLE
4,PULL HANDLE
4,PULL HANDLE
4,PULL HANDLE
4,PULL HANDLE
4,PULL HANDLE
4,PULL HANDLE
4,PULL HANDLE
4,PULL HANDLE
4,PULL HANDLE
4,PULL HANDLE
4,PULL HANDLE
4,PULL HANDLE
4,PULL HANDLE
4,PULL HANDLE
4,PULL HANDLE
4,PULL HANDLE
4,PULL HANDLE
4,PULL HANDLE
4,PULL HANDLE
4,PULL HANDLE
4,PULL HANDLE
4,PULL HANDLE
4,PULL HANDLE
4,PULL HANDLE
4,PULL HANDLE
4,PULL HANDLE
4,PULL HANDLE
4,PULL HANDLE
4,PULL HANDLE
4,PULL HANDLE
4,PULL HANDLE
4,PULL HANDLE
4,PULL HANDLE
4,PULL HANDLE
4,PULL HANDLE
4,PULL HANDLE
4,PULL HANDLE
5,HANDLE TANAM
5,HANDLE TANAM
5,HANDLE TANAM
5,HANDLE TANAM
5,HANDLE TANAM
5,HANDLE TANAM
5,HANDLE TANAM
5,HANDLE TANAM
5,HANDLE TANAM
5,HANDLE TANAM
5,HANDLE TANAM
5,HANDLE TANAM
5,HANDLE TANAM
5,HANDLE TANAM
5,HANDLE TANAM
5,HANDLE TANAM
5,HANDLE TANAM
5,HANDLE TANAM
5,HANDLE TANAM
5,HANDLE TANAM
5,HANDLE TANAM
5,HANDLE TANAM
6,BODY
6,BODY
6,BODY
6,BODY
6,BODY
6,BODY
6,BODY
6,BODY
6,BODY
6,BODY
6,BODY
6,BODY
6,BODY
6,BODY
6,BODY
6,BODY
6,BODY
6,BODY
6,BODY
6,BODY
6,BODY
6,BODY
6,BODY
6,BODY
6,BODY
6,BODY
6,BODY
6,BODY
6,BODY
6,BODY
6,BODY
6,BODY
6,BODY
6,BODY
6,BODY
6,BODY
6,BODY
6,BODY
6,BODY
6,BODY
6,BODY
6,BODY
6,BODY
6,BODY
6,BODY
6,BODY
6,BODY
6,BODY
6,BODY
6,BODY
6,BODY
7,RING KUNCI
7,RING KUNCI
7,RING KUNCI
7,RING KUNCI
7,RING KUNCI
7,RING KUNCI
7,RING KUNCI
7,RING KUNCI
7,RING KUNCI
7,RING KUNCI
7,RING KUNCI
7,RING KUNCI
7,RING KUNCI
7,RING KUNCI
7,RING KUNCI
7,RING KUNCI
7,RING KUNCI
7,RING KUNCI
7,RING KUNCI
7,RING KUNCI
7,RING KUNCI
7,RING KUNCI
7,RING KUNCI
7,RING KUNCI
7,RING KUNCI
7,RING KUNCI
7,RING KUNCI
7,RING KUNCI
8,CYLINDER
8,CYLINDER
8,CYLINDER
8,CYLINDER
8,CYLINDER
8,CYLINDER
8,CYLINDER
8,CYLINDER
8,CYLINDER
8,CYLINDER
8,CYLINDER
8,CYLINDER
8,CYLINDER
8,CYLINDER
8,CYLINDER
8,CYLINDER
8,CYLINDER
8,CYLINDER
8,CYLINDER
8,CYLINDER
8,CYLINDER
8,CYLINDER
8,CYLINDER
8,CYLINDER
8,CYLINDER
8,CYLINDER
8,CYLINDER
8,CYLINDER
8,CYLINDER
8,CYLINDER
8,CYLINDER
8,CYLINDER
8,CYLINDER
8,CYLINDER
8,CYLINDER
8,CYLINDER
8,CYLINDER
8,CYLINDER
8,CYLINDER
9,KUNCI WC
9,KUNCI WC
9,KUNCI WC
9,KUNCI WC
9,KUNCI WC
9,KUNCI WC
9,KUNCI WC
9,KUNCI WC
9,KUNCI WC
9,KUNCI WC
9,KUNCI WC
9,KUNCI WC
9,KUNCI WC
9,KUNCI WC
10,ENGSEL
10,ENGSEL
10,ENGSEL
10,ENGSEL
10,ENGSEL
10,ENGSEL
10,ENGSEL
10,ENGSEL
10,ENGSEL
10,ENGSEL
10,ENGSEL
10,ENGSEL
10,ENGSEL
10,ENGSEL
10,ENGSEL
10,ENGSEL
10,ENGSEL
10,ENGSEL
10,ENGSEL
10,ENGSEL
10,ENGSEL
10,ENGSEL
10,ENGSEL
10,ENGSEL
10,ENGSEL
10,ENGSEL
10,ENGSEL
10,ENGSEL
10,ENGSEL
10,ENGSEL
10,ENGSEL
10,ENGSEL
10,ENGSEL
10,ENGSEL
10,ENGSEL
10,ENGSEL
10,ENGSEL
10,ENGSEL
10,ENGSEL
10,ENGSEL
10,ENGSEL
10,ENGSEL
10,ENGSEL
10,ENGSEL
10,ENGSEL
10,ENGSEL
10,ENGSEL
10,ENGSEL
10,ENGSEL
10,ENGSEL
10,ENGSEL
10,ENGSEL
10,ENGSEL
11,ENGSEL CASEMENT
11,ENGSEL CASEMENT
11,ENGSEL CASEMENT
11,ENGSEL CASEMENT
11,ENGSEL CASEMENT
11,ENGSEL CASEMENT
11,ENGSEL CASEMENT
11,ENGSEL CASEMENT
11,ENGSEL CASEMENT
11,ENGSEL CASEMENT
11,ENGSEL CASEMENT
11,ENGSEL CASEMENT
11,ENGSEL CASEMENT
11,ENGSEL CASEMENT
11,ENGSEL CASEMENT
11,ENGSEL CASEMENT
11,ENGSEL CASEMENT
11,ENGSEL CASEMENT
11,ENGSEL CASEMENT
11,ENGSEL CASEMENT
11,ENGSEL CASEMENT
11,ENGSEL CASEMENT
11,ENGSEL CASEMENT
11,ENGSEL CASEMENT
12,ENGSEL PIVOT
12,ENGSEL PIVOT
12,ENGSEL PIVOT
12,ENGSEL PIVOT
12,ENGSEL PIVOT
12,ENGSEL PIVOT
12,ENGSEL PIVOT
12,ENGSEL PIVOT
12,ENGSEL PIVOT
12,ENGSEL PIVOT
12,ENGSEL PIVOT
12,ENGSEL PIVOT
12,ENGSEL PIVOT
12,ENGSEL PIVOT
12,ENGSEL PIVOT
12,ENGSEL PIVOT
12,ENGSEL PIVOT
12,ENGSEL PIVOT
12,ENGSEL PIVOT
12,ENGSEL PIVOT
13,SHOWER HINGE
13,SHOWER HINGE
13,SHOWER HINGE
13,SHOWER HINGE
13,SHOWER HINGE
13,SHOWER HINGE
13,SHOWER HINGE
13,SHOWER HINGE
13,SHOWER HINGE
13,SHOWER HINGE
13,SHOWER HINGE
13,SHOWER HINGE
13,SHOWER HINGE
14,FLOOR HINGE
14,FLOOR HINGE
14,FLOOR HINGE
15,PATCH FITTING
15,PATCH FITTING
15,PATCH FITTING
15,PATCH FITTING
15,PATCH FITTING
15,PATCH FITTING
15,PATCH FITTING
15,PATCH FITTING
15,PATCH FITTING
15,PATCH FITTING
15,PATCH FITTING
15,PATCH FITTING
15,PATCH FITTING
15,PATCH FITTING
16,GRENDEL
16,GRENDEL
16,GRENDEL
16,GRENDEL
16,GRENDEL
16,GRENDEL
16,GRENDEL
16,GRENDEL
16,GRENDEL
16,GRENDEL
16,GRENDEL
16,GRENDEL
16,GRENDEL
16,GRENDEL
16,GRENDEL
16,GRENDEL
16,GRENDEL
16,GRENDEL
16,GRENDEL
16,GRENDEL
16,GRENDEL
16,GRENDEL
16,GRENDEL
16,GRENDEL
16,GRENDEL
16,GRENDEL
16,GRENDEL
16,GRENDEL
16,GRENDEL
16,GRENDEL
16,GRENDEL
16,GRENDEL
16,GRENDEL
16,GRENDEL
16,GRENDEL
16,GRENDEL
16,GRENDEL
16,GRENDEL
16,GRENDEL
16,GRENDEL
16,GRENDEL
16,GRENDEL
16,GRENDEL
17,GRENDEL TANAM
17,GRENDEL TANAM
17,GRENDEL TANAM
17,GRENDEL TANAM
17,GRENDEL TANAM
17,GRENDEL TANAM
17,GRENDEL TANAM
17,GRENDEL TANAM
17,GRENDEL TANAM
17,GRENDEL TANAM
17,GRENDEL TANAM
17,GRENDEL TANAM
17,GRENDEL TANAM
17,GRENDEL TANAM
17,GRENDEL TANAM
19,DOOR CLOSER
19,DOOR CLOSER
19,DOOR CLOSER
19,DOOR CLOSER
19,DOOR CLOSER
19,DOOR CLOSER
19,DOOR CLOSER
19,DOOR CLOSER
19,DOOR CLOSER
19,DOOR CLOSER
19,DOOR CLOSER
19,DOOR CLOSER
19,DOOR CLOSER
19,DOOR CLOSER
19,DOOR CLOSER
19,DOOR CLOSER
19,DOOR CLOSER
19,DOOR CLOSER
20,DOOR STOP
20,DOOR STOP
20,DOOR STOP
20,DOOR STOP
20,DOOR STOP
20,DOOR STOP
20,DOOR STOP
20,DOOR STOP
20,DOOR STOP
20,DOOR STOP
20,DOOR STOP
20,DOOR STOP
20,DOOR STOP
20,DOOR STOP
20,DOOR STOP
20,DOOR STOP
20,DOOR STOP
20,DOOR STOP
20,DOOR STOP
20,DOOR STOP
20,DOOR STOP
20,DOOR STOP
20,DOOR STOP
20,DOOR STOP
20,DOOR STOP
21,GEMBOK
21,GEMBOK
21,GEMBOK
21,GEMBOK
21,GEMBOK
21,GEMBOK
21,GEMBOK
21,GEMBOK
21,GEMBOK
21,GEMBOK
21,GEMBOK
21,GEMBOK
21,GEMBOK
21,GEMBOK
21,GEMBOK
21,GEMBOK
21,GEMBOK
21,GEMBOK
21,GEMBOK
21,GEMBOK
21,GEMBOK
21,GEMBOK
21,GEMBOK
21,GEMBOK
21,GEMBOK
21,GEMBOK
21,GEMBOK
21,GEMBOK
21,GEMBOK
21,GEMBOK
21,GEMBOK
21,GEMBOK
21,GEMBOK
21,GEMBOK
21,GEMBOK
21,GEMBOK
21,GEMBOK
21,GEMBOK
21,GEMBOK
21,GEMBOK
21,GEMBOK
21,GEMBOK
21,GEMBOK
21,GEMBOK
21,GEMBOK
21,GEMBOK
21,GEMBOK
21,GEMBOK
21,GEMBOK
21,GEMBOK
21,GEMBOK
21,GEMBOK
21,GEMBOK
21,GEMBOK
21,GEMBOK
21,GEMBOK
21,GEMBOK
21,GEMBOK
21,GEMBOK
21,GEMBOK
21,GEMBOK
21,GEMBOK
21,GEMBOK
21,GEMBOK
21,GEMBOK
21,GEMBOK
21,GEMBOK
21,GEMBOK
21,GEMBOK
21,GEMBOK
21,GEMBOK
21,GEMBOK
21,GEMBOK
21,GEMBOK
21,GEMBOK
21,GEMBOK
21,GEMBOK
21,GEMBOK
21,GEMBOK
21,GEMBOK
21,GEMBOK
21,GEMBOK
22,REL
22,REL
22,REL
22,REL
22,REL
22,REL
22,REL
22,REL
22,REL
22,REL
22,REL
22,REL
23,DOOR VIEWER
23,DOOR VIEWER
23,DOOR VIEWER
24,DOOR BOLT
24,DOOR BOLT
24,DOOR BOLT
24,DOOR BOLT
24,DOOR BOLT
25,DOOR CHAIN
26,DOOR GUARD
26,DOOR GUARD
26,DOOR GUARD
27,DOOR KNOCKER
27,DOOR KNOCKER
28,LUBANG GRENDEL
29,TANAM
29,TANAM
30,KUNCI OTOMATIS
30,KUNCI OTOMATIS
30,KUNCI OTOMATIS
31,KUNCI
31,KUNCI
32,ALUMINIUM
32,ALUMINIUM
32,ALUMINIUM
32,ALUMINIUM
32,ALUMINIUM
32,ALUMINIUM
32,ALUMINIUM
32,ALUMINIUM
33,KUNCI EXPANDA
33,KUNCI EXPANDA
34,PH SHOWER
34,PH SHOWER
34,PH SHOWER
34,PH SHOWER
34,PH SHOWER
35,SPRINGHINGE
36,ENGSEL PER ANGIN
36,ENGSEL PER ANGIN
36,ENGSEL PER ANGIN
36,ENGSEL PER ANGIN
37,ENGSEL INVICIBLE
37,ENGSEL INVICIBLE
37,ENGSEL INVICIBLE
37,ENGSEL INVICIBLE
37,ENGSEL INVICIBLE
37,ENGSEL INVICIBLE
37,ENGSEL INVICIBLE
37,ENGSEL INVICIBLE
37,ENGSEL INVICIBLE
38,GLASS DOOR LOCK
38,GLASS DOOR LOCK
38,GLASS DOOR LOCK
38,GLASS DOOR LOCK
38,GLASS DOOR LOCK
38,GLASS DOOR LOCK
38,GLASS DOOR LOCK
38,GLASS DOOR LOCK
38,GLASS DOOR LOCK
38,GLASS DOOR LOCK
38,GLASS DOOR LOCK
38,GLASS DOOR LOCK
38,GLASS DOOR LOCK
38,GLASS DOOR LOCK
38,GLASS DOOR LOCK
38,GLASS DOOR LOCK
38,GLASS DOOR LOCK
38,GLASS DOOR LOCK
38,GLASS DOOR LOCK
38,GLASS DOOR LOCK
39,GLASS DOOR HINGE
40,GLASS CONECTOR
40,GLASS CONECTOR
40,GLASS CONECTOR
40,GLASS CONECTOR
40,GLASS CONECTOR
40,GLASS CONECTOR
40,GLASS CONECTOR
40,GLASS CONECTOR
40,GLASS CONECTOR
40,GLASS CONECTOR
40,GLASS CONECTOR
40,GLASS CONECTOR
40,GLASS CONECTOR
40,GLASS CONECTOR
40,GLASS CONECTOR
40,GLASS CONECTOR
40,GLASS CONECTOR
40,GLASS CONECTOR
41,REINFORCEMENT
42,FIT
42,FIT
42,FIT
42,FIT
42,FIT
42,FIT
42,FIT
42,FIT
43,TOILET CONNECTOR
43,TOILET CONNECTOR
43,TOILET CONNECTOR
43,TOILET CONNECTOR
44,ELECTRIK LOCK
44,ELECTRIK LOCK
44,ELECTRIK LOCK
44,ELECTRIK LOCK
44,ELECTRIK LOCK
44,ELECTRIK LOCK
44,ELECTRIK LOCK
44,ELECTRIK LOCK
44,ELECTRIK LOCK
44,ELECTRIK LOCK
44,ELECTRIK LOCK
44,ELECTRIK LOCK
44,ELECTRIK LOCK
44,ELECTRIK LOCK
45,EDGE PULL
46,PH KACA
46,PH KACA
46,PH KACA
46,PH KACA
46,PH KACA
46,PH KACA
46,PH KACA
46,PH KACA
46,PH KACA
46,PH KACA
47,FLUSH HANDLE /
47,FLUSH HANDLE /
48,DIGITAL LOCK
48,DIGITAL LOCK
49,HANDRAIL STUD
49,HANDRAIL STUD
49,HANDRAIL STUD
49,HANDRAIL STUD
49,HANDRAIL STUD
49,HANDRAIL STUD
49,HANDRAIL STUD
49,HANDRAIL STUD
49,HANDRAIL STUD
49,HANDRAIL STUD
49,HANDRAIL STUD
49,HANDRAIL STUD
49,HANDRAIL STUD
49,HANDRAIL STUD
49,HANDRAIL STUD
49,HANDRAIL STUD
49,HANDRAIL STUD
50,HANDRAIL END CUP
51,HANDRAIL CONNECTOR
51,HANDRAIL CONNECTOR
51,HANDRAIL CONNECTOR
51,HANDRAIL CONNECTOR
51,HANDRAIL CONNECTOR
51,HANDRAIL CONNECTOR
52,GLASS SPIGOT
53,DOOR CLOSER HINGE
54,DOOR CLOSER PATCH
54,DOOR CLOSER PATCH
55,PANIC BAR
55,PANIC BAR
55,PANIC BAR
56,PANIC OS HANDLE
56,PANIC OS HANDLE
57,BODY PANIC
58,HANGER
58,HANGER
58,HANGER
58,HANGER
58,HANGER
59,BRACKET
59,BRACKET
59,BRACKET
59,BRACKET
59,BRACKET
59,BRACKET
59,BRACKET
59,BRACKET
59,BRACKET
60,TOP PIVOT
60,TOP PIVOT
61,FLOOR GUIDE
62,CANOPY SYSTEM
62,CANOPY SYSTEM
62,CANOPY SYSTEM
63,STOPPER
63,STOPPER
64,DROPPER GUARD
65,GLASS STOPPER
65,GLASS STOPPER
66,BLANK KEY
66,BLANK KEY
67,HINGE
67,HINGE
68,DOOR SEAL
68,DOOR SEAL
68,DOOR SEAL
69,SMARTLOCK
69,SMARTLOCK
69,SMARTLOCK
69,SMARTLOCK
70,DEADBOLT
70,DEADBOLT
70,DEADBOLT
71,WHEEL
71,WHEEL
71,WHEEL
71,WHEEL
72,NYLON
2,HANDLE
18,FLUSH BOLT
18,FLUSH BOLT
18,FLUSH BOLT
18,FLUSH BOLT
18,FLUSH BOLT
73,HAK ANGIN
73,HAK ANGIN
73,HAK ANGIN
73,HAK ANGIN
73,HAK ANGIN
73,HAK ANGIN
73,HAK ANGIN
73,HAK ANGIN
73,HAK ANGIN
73,HAK ANGIN
73,HAK ANGIN
73,HAK ANGIN
73,HAK ANGIN
73,HAK ANGIN
73,HAK ANGIN
73,HAK ANGIN
73,HAK ANGIN
73,HAK ANGIN
73,HAK ANGIN
73,HAK ANGIN
73,HAK ANGIN
73,HAK ANGIN
73,HAK ANGIN
73,HAK ANGIN
73,HAK ANGIN
73,HAK ANGIN
73,HAK ANGIN
73,HAK ANGIN
74,LAMSKAR
74,LAMSKAR
74,LAMSKAR
74,LAMSKAR
74,LAMSKAR
74,LAMSKAR
74,LAMSKAR
74,LAMSKAR
74,LAMSKAR
75,RAMBUNCIS
75,RAMBUNCIS
75,RAMBUNCIS
75,RAMBUNCIS
75,RAMBUNCIS
75,RAMBUNCIS
75,RAMBUNCIS
75,RAMBUNCIS
75,RAMBUNCIS
75,RAMBUNCIS
75,RAMBUNCIS
75,RAMBUNCIS
75,RAMBUNCIS
75,RAMBUNCIS
75,RAMBUNCIS
75,RAMBUNCIS
75,RAMBUNCIS
75,RAMBUNCIS
75,RAMBUNCIS
75,RAMBUNCIS
75,RAMBUNCIS
75,RAMBUNCIS
75,RAMBUNCIS
75,RAMBUNCIS
76,SPRINGKNIVE
76,SPRINGKNIVE
76,SPRINGKNIVE
76,SPRINGKNIVE
76,SPRINGKNIVE
76,SPRINGKNIVE
76,SPRINGKNIVE
76,SPRINGKNIVE
76,SPRINGKNIVE
76,SPRINGKNIVE
77,HANDLE JENDELA
77,HANDLE JENDELA
77,HANDLE JENDELA
77,HANDLE JENDELA
77,HANDLE JENDELA
77,HANDLE JENDELA
77,HANDLE JENDELA
77,HANDLE JENDELA
78,WINDOW LOCK
78,WINDOW LOCK
78,WINDOW LOCK
79,ESPANYOLET
79,ESPANYOLET
79,ESPANYOLET
79,ESPANYOLET
80,ENGSEL SALON
81,TARIKAN
81,TARIKAN
81,TARIKAN
81,TARIKAN
81,TARIKAN
81,TARIKAN
81,TARIKAN
81,TARIKAN
81,TARIKAN
81,TARIKAN
81,TARIKAN
81,TARIKAN
81,TARIKAN
81,TARIKAN
81,TARIKAN
81,TARIKAN
81,TARIKAN
81,TARIKAN
81,TARIKAN
81,TARIKAN
81,TARIKAN
81,TARIKAN
81,TARIKAN
81,TARIKAN
81,TARIKAN
81,TARIKAN
81,TARIKAN
81,TARIKAN
81,TARIKAN
81,TARIKAN
81,TARIKAN
81,TARIKAN
81,TARIKAN
81,TARIKAN
81,TARIKAN
81,TARIKAN
81,TARIKAN
81,TARIKAN
81,TARIKAN
81,TARIKAN
81,TARIKAN
81,TARIKAN
81,TARIKAN
81,TARIKAN
81,TARIKAN
81,TARIKAN
81,TARIKAN
81,TARIKAN
81,TARIKAN
81,TARIKAN
81,TARIKAN
81,TARIKAN
81,TARIKAN
81,TARIKAN
81,TARIKAN
81,TARIKAN
81,TARIKAN
81,TARIKAN
81,TARIKAN
81,TARIKAN
81,TARIKAN
81,TARIKAN
81,TARIKAN
81,TARIKAN
81,TARIKAN
81,TARIKAN
81,TARIKAN
81,TARIKAN
81,TARIKAN
81,TARIKAN
81,TARIKAN
81,TARIKAN
81,TARIKAN
81,TARIKAN
81,TARIKAN
81,TARIKAN
81,TARIKAN
81,TARIKAN
81,TARIKAN
81,TARIKAN
81,TARIKAN
81,TARIKAN
81,TARIKAN
81,TARIKAN
81,TARIKAN
81,TARIKAN
81,TARIKAN
81,TARIKAN
81,TARIKAN
81,TARIKAN
81,TARIKAN
81,TARIKAN
81,TARIKAN
81,TARIKAN
81,TARIKAN
81,TARIKAN
81,TARIKAN
81,TARIKAN
81,TARIKAN
81,TARIKAN
81,TARIKAN
81,TARIKAN
81,TARIKAN
81,TARIKAN
81,TARIKAN
81,TARIKAN
81,TARIKAN
81,TARIKAN
81,TARIKAN
81,TARIKAN
81,TARIKAN
81,TARIKAN
81,TARIKAN
81,TARIKAN
81,TARIKAN
81,TARIKAN
81,TARIKAN
81,TARIKAN
81,TARIKAN
81,TARIKAN
81,TARIKAN
81,TARIKAN
81,TARIKAN
81,TARIKAN
81,TARIKAN
81,TARIKAN
81,TARIKAN
81,TARIKAN
81,TARIKAN
81,TARIKAN
81,TARIKAN
81,TARIKAN
81,TARIKAN
81,TARIKAN
81,TARIKAN
81,TARIKAN
81,TARIKAN
81,TARIKAN
81,TARIKAN
81,TARIKAN
81,TARIKAN
81,TARIKAN
81,TARIKAN
82,KUNCI MEBEL
82,KUNCI MEBEL
82,KUNCI MEBEL
82,KUNCI MEBEL
82,KUNCI MEBEL
82,KUNCI MEBEL
82,KUNCI MEBEL
82,KUNCI MEBEL
82,KUNCI MEBEL
82,KUNCI MEBEL
10,ENGSEL
16,GRENDEL
83,BRACKET PIPA
84,ENGSEL SENDOK
84,ENGSEL SENDOK
84,ENGSEL SENDOK
84,ENGSEL SENDOK
84,ENGSEL SENDOK
84,ENGSEL SENDOK
84,ENGSEL SENDOK
84,ENGSEL SENDOK
85,HAMBALAN
85,HAMBALAN
85,HAMBALAN
85,HAMBALAN
86,JEPIT UDANG
86,JEPIT UDANG
86,JEPIT UDANG
86,JEPIT UDANG
87,KECES
87,KECES
87,KECES
87,KECES
87,KECES
88,MAGNIT
88,MAGNIT
88,MAGNIT
88,MAGNIT
88,MAGNIT
88,MAGNIT
88,MAGNIT
89,REL LACI
89,REL LACI
89,REL LACI
90,RING TUNDAN
91,TRAPEZ
91,TRAPEZ
92,GLASS HOLDER
92,GLASS HOLDER
92,GLASS HOLDER
92,GLASS HOLDER
92,GLASS HOLDER
92,GLASS HOLDER
92,GLASS HOLDER
93,GAS SPRING
93,GAS SPRING
94,ROLLER
94,ROLLER
94,ROLLER
95,KRAN TAMAN
95,KRAN TAMAN
95,KRAN TAMAN
96,KRAN TEMBOK
96,KRAN TEMBOK
96,KRAN TEMBOK
96,KRAN TEMBOK
97,KRAN WASTAFEL
97,KRAN WASTAFEL
97,KRAN WASTAFEL
97,KRAN WASTAFEL
97,KRAN WASTAFEL
98,KRAN BATHUP
98,KRAN BATHUP
99,KRAN SHOWER
100,KRAN ANGSA
100,KRAN ANGSA
100,KRAN ANGSA
100,KRAN ANGSA
100,KRAN ANGSA
100,KRAN ANGSA
100,KRAN ANGSA
100,KRAN ANGSA
101,KRAN CABANG
101,KRAN CABANG
101,KRAN CABANG
101,KRAN CABANG
102,STOP KRAN
102,STOP KRAN
102,STOP KRAN
103,STOP KRAN TEE
104,RAK SUDUT
104,RAK SUDUT
105,RAK HOLDER
106,FLEXIBEL SHOWER
106,FLEXIBEL SHOWER
107,FLEXIBEL ANYAM
107,FLEXIBEL ANYAM
107,FLEXIBEL ANYAM
108,SARINGAN GOT
108,SARINGAN GOT
108,SARINGAN GOT
109,SHOWER BIDET
110,GANTUNGAN/KAPSTOK
110,GANTUNGAN/KAPSTOK
110,GANTUNGAN/KAPSTOK
110,GANTUNGAN/KAPSTOK
110,GANTUNGAN/KAPSTOK
111,RAK HANDUK
112,HANDSHOWER
112,HANDSHOWER
112,HANDSHOWER
112,HANDSHOWER
113,SARINGAN TALANG
113,SARINGAN TALANG
114,TEMPAT SABUN
115,SIFON
116,SHOWER TIANG
117,SHOWER TEMBOK
117,SHOWER TEMBOK
117,SHOWER TEMBOK
118,CLEAN OUT
118,CLEAN OUT
119,JET SHOWER
120,W600
120,W600
120,W600
120,W600
120,W600
120,W600
120,W600
120,W600
120,W600
120,W600
120,W600
120,W600
120,W600
120,W600
120,W600
120,W600
120,W600
120,W600
120,W600
120,W600
120,W600
120,W600
120,W600
120,W600
120,W600
120,W600
120,W600
120,W600
120,W600
120,W600
120,W600
120,W600
120,W600
120,W600
120,W600
120,W600
121,W300
121,W300
121,W300
121,W300
121,W300
121,W300
121,W300
121,W300
121,W300
121,W300
121,W300
121,W300
121,W300
121,W300
121,W300
121,W300
121,W300
121,W300
121,W300
121,W300
121,W300
121,W300
121,W300
121,W300
121,W300
121,W300
122,S-50
122,S-50
122,S-50
122,S-50
122,S-50
122,S-50
122,S-50
122,S-50
122,S-50
122,S-50
122,S-50
122,S-50
122,S-50
122,S-50
122,S-50
122,S-50
122,S-50
122,S-50
122,S-50
122,S-50
122,S-50
122,S-50
122,S-50
122,S-50
122,S-50
122,S-50
122,S-50
122,S-50
122,S-50
122,S-50
122,S-50
122,S-50
122,S-50
122,S-50
122,S-50
122,S-50
122,S-50
122,S-50
122,S-50
122,S-50
122,S-50
122,S-50
122,S-50
122,S-50
122,S-50
122,S-50
122,S-50
122,S-50
122,S-50
122,S-50
122,S-50
122,S-50
122,S-50
1,ALUMINIUM PVC
1,ALUMINIUM PVC
1,ALUMINIUM PVC
1,ALUMINIUM PVC
1,ALUMINIUM PVC
1,ALUMINIUM PVC
1,ALUMINIUM PVC
1,ALUMINIUM PVC
1,ALUMINIUM PVC
1,ALUMINIUM PVC
1,ALUMINIUM PVC
1,ALUMINIUM PVC
1,ALUMINIUM PVC
1,ALUMINIUM PVC
1,ALUMINIUM PVC
1,ALUMINIUM PVC
1,ALUMINIUM PVC
1,ALUMINIUM PVC
1,ALUMINIUM PVC
1,ALUMINIUM PVC
1,ALUMINIUM PVC
1,ALUMINIUM PVC
1,ALUMINIUM PVC
1,ALUMINIUM PVC
1,ALUMINIUM PVC
1,ALUMINIUM PVC
1,ALUMINIUM PVC
1,ALUMINIUM PVC
1,ALUMINIUM PVC
1,ALUMINIUM PVC
1,ALUMINIUM PVC
1,ALUMINIUM PVC
1,ALUMINIUM PVC
1,ALUMINIUM PVC
1,ALUMINIUM PVC
1,ALUMINIUM PVC
1,ALUMINIUM PVC
1,ALUMINIUM PVC
1,ALUMINIUM PVC
1,ALUMINIUM PVC
1,ALUMINIUM PVC
1,ALUMINIUM PVC
1,ALUMINIUM PVC
1,ALUMINIUM PVC
123,HDF SKIN
123,HDF SKIN
123,HDF SKIN
123,HDF SKIN
123,HDF SKIN
123,HDF SKIN
123,HDF SKIN
123,HDF SKIN
124,INDONESIAN
124,INDONESIAN
125,NYATOH
125,NYATOH
125,NYATOH
126,DUCO WHITE
126,DUCO WHITE
126,DUCO WHITE
127,WHITE OAK
127,WHITE OAK
128,DOOR FRAME
128,DOOR FRAME
128,DOOR FRAME
128,DOOR FRAME
128,DOOR FRAME
128,DOOR FRAME
129,ARCHITRAVE
129,ARCHITRAVE
129,ARCHITRAVE